album_id,photo_id
7001,133390405
7001,133390690
7001,133390691
7001,133390692
7001,133390734
7001,133390993
7001,133390994
7001,133390996
7001,133390997
7002,133389416
7002,133392268
7002,133392421
7002,133392422
7002,133392423
7002,133392424
7002,133392425
7003,133391638
7003,133391639
7003,133391640
7003,133391641
7003,133391642
7003,133391643
7003,133392270
7003,133392271
7003,133392272
7003,133392274
7003,133392519
7003,133392523
7004,133392880
7004,133392881
7004,133392884
7004,133392901
7004,133392902
7004,133392903
7004,133392904
7004,133392905
7004,133392911
7004,133392915
7004,133392916
7004,133392917
7004,133392918
7004,133392919
7005,133392875
7005,133392880
7005,133392881
7005,133392884
7005,133392901
7005,133392902
7005,133392903
7005,133392904
7005,133392905
7006,133388836
7006,133389439
7006,133389441
7006,133389442
7006,133389443
7006,133389444
7006,133389445
7006,133389446
7006,133389449
7006,133389450
7006,133390147
7006,133390148
7006,133390149
7006,133390150
7006,133392743
7006,133392744
7006,133393148
7006,133393149
7006,133393150
7006,133393151
7006,133393152
7006,133393153
7006,133393154
7006,133393155
7007,133390562
7007,133390563
7007,133390564
7007,133390565
7007,133390566
7007,133390567
7007,133390806
7007,133390807
7007,133391103
7007,133391104
7007,133391105
7007,133391106
7007,133391107
7007,133393530
7007,133393531
7008,133392733
7008,133392734
7008,133392946
7008,133393465
7008,133393466
7008,133393467
7008,133393468
7008,133393482
7008,133393483
7008,133393555
7008,133393556
7008,133393558
7008,133393643
7008,133393646
7009,133393842
7009,133393843
7009,133393844
7009,133393845
7009,133393846
7009,133393847
7009,133393848
7009,133393850
7009,133393851
7009,133393854
7009,133393897
7010,133393778
7010,133393779
7010,133393780
7010,133393783
7010,133393787
7010,133393788
7010,133393804
7010,133393831
7010,133393832
7010,133393833
7010,133393911
7010,133393912
7010,133393966
7010,133393967
7010,133393968
7010,133393969
7010,133393970
7011,133390856
7011,133390857
7011,133393297
7011,133393298
7011,133393299
7011,133395226
7012,133394055
7012,133394056
7012,133394057
7012,133394058
7012,133394062
7012,133395107
7012,133395108
7012,133395109
7013,133393416
7013,133394621
7013,133394637
7013,133394642
7013,133394692
7013,133394693
7013,133394717
7013,133394721
7013,133394723
7013,133395303
7013,133395304
7013,133395305
7014,133388249
7014,133388250
7014,133388251
7014,133388253
7014,133388254
7014,133388255
7014,133388716
7014,133388720
7014,133388721
7014,133389989
7014,133389990
7014,133389992
7014,133389993
7014,133389994
7014,133391954
7014,133392487
7014,133392488
7014,133392493
7014,133392856
7014,133392858
7014,133392859
7014,133393024
7014,133394172
7014,133396283
7015,133395683
7015,133395684
7015,133395685
7015,133395686
7015,133395687
7015,133395688
7015,133395734
7015,133395735
7015,133395736
7015,133395737
7015,133395748
7015,133395749
7015,133395750
7015,133395810
7015,133395843
7015,133395844
7015,133395845
7015,133395846
7015,133395847
7015,133395848
7015,133395849
7015,133395850
7015,133395852
7015,133395854
7015,133395855
7015,133395856
7015,133395857
7015,133395858
7015,133395885
7015,133395886
7015,133395888
7015,133395889
7015,133395890
7015,133395891
7015,133395892
7015,133395893
7015,133395894
7016,133391572
7016,133391928
7016,133391929
7016,133391930
7016,133391931
7016,133391932
7016,133391933
7016,133391934
7016,133391935
7016,133391936
7016,133391937
7016,133391938
7016,133391939
7016,133392239
7016,133392535
7016,133392536
7016,133392538
7016,133392699
7016,133393797
7016,133393798
7016,133395165
7016,133395166
7016,133395167
7016,133395168
7016,133395169
7016,133395282
7016,133395284
7016,133395285
7016,133395286
7016,133395287
7016,133395288
7016,133396346
7016,133396347
7016,133396348
7016,133396349
7016,133396350
7016,133396351
7016,133396352
7016,133396353
7016,133396354
7017,133388487
7017,133388492
7017,133390779
7017,133393347
7017,133393349
7017,133393350
7017,133396401
7018,133397191
7018,133397192
7018,133397193
7018,133397194
7018,133397195
7018,133397196
7018,133397197
7019,133389081
7019,133389106
7019,133389114
7019,133389119
7019,133389845
7019,133389846
7019,133389847
7019,133390863
7019,133390864
7019,133390865
7019,133391461
7019,133391462
7019,133391463
7019,133393286
7019,133393738
7019,133394254
7019,133394258
7019,133394259
7019,133394262
7019,133394264
7019,133394798
7019,133395651
7019,133395653
7019,133395833
7019,133396859
7019,133396860
7019,133396861
7019,133396862
7019,133396973
7019,133396974
7019,133396975
7019,133396976
7019,133397044
7020,133396604
7020,133396605
7020,133396607
7020,133396759
7020,133396760
7020,133396766
7020,133396768
7020,133396769
7020,133396770
7020,133396904
7020,133396929
7020,133396930
7020,133397350
7020,133397351
7020,133397353
7020,133397354
7020,133397357
7020,133397488
7020,133397489
7020,133397490
7020,133397491
7020,133397636
7020,133397637
7020,133397638
7020,133397639
7020,133397640
7020,133397641
7020,133397642
7020,133397643
7020,133397644
7020,133397645
7020,133397704
7020,133397705
7020,133397706
7020,133397707
7020,133397708
7020,133397899
7021,133397275
7021,133397276
7021,133397277
7021,133397280
7021,133397281
7021,133397282
7021,133397283
7021,133397311
7021,133397315
7021,133397317
7021,133397318
7021,133397319
7021,133397320
7021,133397322
7021,133397323
7021,133397379
7021,133397380
7021,133397381
7021,133397382
7021,133397383
7021,133397384
7021,133397385
7021,133397388
7021,133397445
7021,133397446
7021,133397454
7021,133397455
7021,133397480
7021,133397493
7021,133397494
7021,133397495
7021,133397496
7021,133397497
7021,133397498
7021,133397671
7021,133397677
7021,133397698
7021,133397699
7021,133397709
7021,133397710
7021,133397711
7021,133397714
7022,133397595
7022,133397596
7022,133397597
7022,133397598
7022,133397599
7022,133397600
7022,133397601
7023,133390596
7023,133392568
7023,133392569
7023,133392570
7023,133392571
7023,133392572
7023,133392574
7023,133393573
7023,133393574
7023,133394464
7023,133394660
7023,133394662
7023,133395779
7023,133395780
7023,133395781
7023,133395782
7023,133396986
7023,133396987
7023,133397829
7023,133397837
7023,133397838
7023,133397839
7024,133394536
7024,133394537
7024,133394538
7024,133394539
7024,133394540
7024,133394541
7024,133394543
7024,133394696
7024,133394894
7024,133394902
7024,133394904
7024,133395111
7024,133395588
7024,133395589
7024,133395590
7024,133395591
7024,133395592
7024,133395593
7024,133396497
7024,133396498
7024,133396499
7024,133397492
7024,133398067
7024,133398318
7025,133391236
7025,133392836
7025,133393001
7025,133394186
7025,133394187
7025,133394188
7025,133394191
7025,133394231
7025,133394232
7025,133394233
7025,133394234
7025,133394235
7025,133394236
7025,133394853
7025,133395641
7025,133395644
7025,133395645
7025,133395646
7025,133395648
7025,133395702
7025,133395703
7025,133395704
7025,133395705
7025,133396084
7025,133396085
7025,133396086
7025,133398351
7025,133398469
7025,133398470
7025,133398471
7025,133398472
7026,133392996
7026,133392997
7026,133392998
7026,133393200
7026,133393201
7026,133393203
7026,133393205
7026,133393250
7026,133393251
7026,133393252
7026,133393253
7026,133393254
7026,133394547
7026,133395725
7026,133395726
7026,133395727
7026,133396156
7026,133396157
7026,133396158
7026,133396159
7026,133396881
7026,133397016
7026,133397737
7026,133399369
7026,133399370
7027,133399706
7027,133399707
7027,133399708
7027,133399709
7027,133399711
7027,133399712
7027,133399714
7027,133399716
7027,133399717
7027,133399718
7027,133399719
7027,133399720
7027,133399721
7027,133399756
7027,133399757
7027,133399758
7027,133399759
7027,133399760
7027,133399761
7027,133399762
7027,133399764
7027,133399775
7027,133399834
7027,133399836
7027,133399837
7027,133399838
7028,133388686
7028,133388687
7028,133388688
7028,133389417
7028,133392383
7028,133392794
7028,133395440
7028,133396306
7028,133396307
7028,133396309
7028,133396912
7028,133397849
7028,133397855
7028,133398413
7028,133398415
7028,133399418
7028,133399419
7028,133399420
7028,133399421
7028,133399422
7028,133399423
7028,133399424
7028,133399425
7028,133399426
7028,133399427
7029,133395284
7029,133395285
7029,133395286
7029,133395287
7029,133395288
7029,133396346
7029,133396347
7029,133396348
7029,133396349
7029,133396350
7029,133396351
7029,133396352
7029,133396353
7029,133396354
7029,133396355
7029,133396356
7029,133396409
7029,133396412
7029,133396785
7029,133399817
7029,133399819
7029,133399820
7029,133399824
7030,133395440
7030,133396306
7030,133396307
7030,133396309
7030,133396912
7030,133397849
7030,133397855
7030,133398413
7030,133398415
7030,133399418
7030,133399419
7030,133399420
7030,133399421
7030,133399422
7030,133399423
7030,133399424
7030,133399425
7030,133399426
7030,133399427
7030,133399428
7030,133399429
7030,133399591
7031,133395328
7031,133395329
7031,133395330
7031,133395345
7031,133395346
7031,133395349
7031,133395350
7031,133396168
7031,133396169
7031,133397242
7031,133397681
7031,133397684
7031,133397685
7031,133397686
7031,133397687
7031,133397688
7031,133397733
7031,133399583
7031,133399584
7031,133399937
7031,133399938
7032,133399717
7032,133399718
7032,133399719
7032,133399720
7032,133399721
7032,133399756
7032,133399757
7032,133399758
7032,133399759
7032,133399760
7032,133399761
7032,133399762
7032,133399764
7032,133399775
7032,133399834
7032,133399836
7032,133399837
7032,133399838
7032,133399840
7032,133399841
7032,133399845
7032,133399846
7032,133399879
7032,133399880
7032,133399881
7033,133393397
7033,133395032
7033,133396967
7033,133396981
7033,133396982
7033,133396983
7033,133398550
7033,133400421
7033,133400423
7033,133400424
7033,133400426
7033,133400427
7034,133397330
7034,133397331
7034,133398344
7034,133398346
7034,133398348
7034,133398887
7034,133398888
7034,133398924
7034,133398926
7034,133398930
7034,133399145
7034,133399146
7034,133399147
7034,133399148
7034,133399149
7034,133399150
7034,133399151
7034,133399166
7034,133399168
7034,133399169
7034,133399175
7034,133399176
7034,133399177
7034,133399178
7034,133400200
7034,133400201
7034,133400202
7034,133400204
7035,133395056
7035,133395546
7035,133395547
7035,133395548
7035,133395549
7035,133395550
7035,133395557
7035,133395562
7035,133395564
7035,133395565
7035,133395566
7035,133395567
7035,133395568
7035,133395570
7035,133395572
7035,133395808
7035,133395809
7035,133399763
7035,133400434
7035,133400435
7035,133400437
7035,133400438
7035,133400439
7036,133391805
7036,133391806
7036,133391808
7036,133391809
7036,133391810
7036,133394954
7036,133395717
7036,133395718
7036,133395719
7036,133395724
7036,133398706
7036,133400386
7036,133400387
7036,133400388
7036,133400942
7036,133400944
7036,133400945
7036,133400946
7036,133400948
7036,133400949
7036,133400950
7037,133399431
7037,133399432
7037,133399433
7037,133399434
7037,133399435
7037,133399436
7037,133399437
7037,133399438
7037,133399439
7037,133399440
7037,133399441
7037,133399442
7037,133400178
7037,133400182
7037,133400183
7037,133400185
7037,133400187
7037,133401062
7037,133401063
7037,133401064
7037,133401065
7037,133401066
7037,133401067
7038,133398226
7038,133398231
7038,133401707
7038,133401708
7038,133401709
7038,133401712
7038,133401713
7038,133401714
7038,133401717
7038,133401718
7038,133401719
7039,133401103
7039,133401485
7039,133401489
7039,133401491
7039,133401494
7040,133388437
7040,133388824
7040,133390527
7040,133392310
7040,133392311
7040,133398903
7040,133398904
7040,133398905
7040,133398906
7040,133398907
7040,133401530
7040,133401531
7040,133401532
7040,133401534
7040,133401536
7040,133401836
7040,133401837
7041,133392703
7041,133393693
7041,133393694
7041,133393695
7041,133401997
7041,133402000
7041,133402004
7041,133402008
7041,133402009
7042,133401384
7042,133401440
7042,133401441
7042,133401446
7042,133401447
7042,133401448
7042,133401449
7042,133401451
7042,133401452
7042,133401455
7042,133401460
7042,133401467
7042,133401613
7042,133401614
7042,133401615
7042,133401616
7042,133401619
7042,133401637
7042,133401638
7042,133401663
7042,133401671
7042,133401696
7042,133401704
7042,133401711
7042,133401721
7042,133401722
7042,133401725
7042,133401726
7042,133401731
7042,133401772
7042,133401773
7042,133401774
7042,133401780
7042,133401781
7042,133401783
7042,133401785
7042,133401786
7042,133401787
7042,133401788
7042,133401791
7042,133401797
7042,133401802
7042,133401806
7042,133401811
7042,133401812
7042,133401816
7042,133401839
7042,133401841
7042,133401842
7042,133401843
7042,133401846
7042,133401847
7042,133401925
7042,133401926
7042,133401928
7042,133401929
7043,133388913
7043,133388914
7043,133388915
7043,133388916
7043,133388918
7043,133389491
7043,133389648
7043,133390714
7043,133390715
7043,133390716
7043,133390717
7043,133390718
7043,133390748
7043,133390749
7043,133390750
7043,133390751
7043,133390752
7043,133390753
7043,133393225
7043,133393227
7043,133393229
7043,133393231
7043,133393232
7043,133393233
7043,133395306
7043,133395307
7043,133395308
7043,133395309
7043,133395310
7043,133396324
7043,133402743
7043,133402744
7043,133402745
7043,133402746
7043,133402748
7043,133402750
7043,133402751
7043,133402752
7043,133402753
7043,133402754
7043,133402755
7043,133402756
7044,133402317
7044,133402318
7044,133402319
7044,133402320
7044,133402503
7044,133402504
7044,133402513
7044,133402516
7044,133402924
7044,133402925
7044,133402928
7044,133402929
7045,133402089
7045,133402090
7045,133402091
7045,133402564
7045,133402565
7045,133402566
7045,133402567
7045,133402568
7045,133402569
7045,133402570
7045,133402571
7045,133402572
7045,133402573
7045,133402574
7045,133402575
7045,133402576
7045,133402577
7045,133402578
7045,133402579
7045,133402580
7045,133402581
7045,133402603
7045,133402604
7045,133402605
7045,133402800
7045,133402801
7045,133402802
7045,133402803
7045,133402804
7045,133402805
7045,133402806
7045,133402807
7045,133402808
7045,133402809
7045,133402810
7046,133402474
7046,133402487
7046,133402505
7046,133402506
7046,133402507
7046,133402508
7046,133402509
7046,133402510
7046,133402511
7046,133402512
7046,133402514
7046,133402515
7046,133402517
7046,133402615
7046,133402618
7046,133402619
7046,133402624
7046,133402625
7046,133402626
7046,133402628
7046,133402632
7046,133402634
7046,133402635
7046,133402636
7046,133402637
7046,133402640
7046,133402641
7046,133402649
7046,133402650
7046,133402657
7046,133402658
7046,133402659
7046,133402661
7046,133402662
7046,133402663
7046,133402664
7046,133402665
7046,133402676
7046,133402677
7046,133402678
7046,133402680
7046,133402683
7046,133402685
7046,133402703
7046,133402711
7046,133402712
7047,133399577
7047,133400268
7047,133403478
7047,133403479
7047,133403480
7047,133403481
7047,133403482
7047,133403483
7048,133398480
7048,133399103
7048,133401887
7048,133401890
7048,133401891
7048,133401892
7048,133401893
7048,133401894
7048,133402356
7048,133402357
7048,133402358
7048,133402359
7048,133402361
7048,133402363
7048,133402364
7048,133402365
7048,133402854
7048,133402855
7048,133402856
7048,133403069
7048,133403344
7048,133403345
7048,133403346
7048,133403347
7049,133397441
7049,133397442
7049,133397443
7049,133397606
7049,133398427
7049,133398428
7049,133398775
7049,133398776
7049,133398777
7049,133398939
7049,133398940
7049,133398941
7049,133398942
7049,133399873
7049,133399874
7049,133399875
7049,133399876
7049,133401037
7049,133401273
7049,133401274
7049,133401275
7049,133403066
7049,133403067
7049,133403068
7049,133403727
7050,133393959
7050,133394124
7050,133394468
7050,133394469
7050,133394470
7050,133394471
7050,133394472
7050,133394473
7050,133394474
7050,133394475
7050,133394476
7050,133394477
7050,133394478
7050,133398771
7050,133403889
7051,133393959
7051,133394124
7051,133394468
7051,133394469
7051,133394470
7051,133394471
7051,133394472
7051,133394473
7051,133394474
7051,133394475
7051,133394476
7051,133394477
7051,133394478
7051,133398771
7051,133403889
7052,133393959
7052,133394124
7052,133394468
7052,133394469
7052,133394470
7052,133394471
7052,133394472
7052,133394473
7052,133394474
7052,133394475
7052,133394476
7052,133394477
7052,133394478
7052,133398771
7052,133403889
7053,133403843
7053,133403844
7053,133403849
7053,133403850
7053,133403851
7053,133403865
7053,133403866
7053,133403867
7053,133403868
7053,133403869
7053,133403870
7053,133403926
7053,133403927
7053,133403928
7053,133403929
7053,133403930
7053,133403931
7053,133403932
7054,133404302
7054,133404303
7054,133404304
7054,133404305
7054,133404306
7054,133404307
7054,133404308
7054,133404344
7054,133404363
7054,133404364
7054,133404365
7054,133404366
7054,133404367
7054,133404368
7054,133404369
7054,133404370
7054,133404371
7054,133404399
7054,133404400
7054,133404401
7054,133404402
7054,133404403
7054,133404452
7054,133404453
7054,133404466
7054,133404467
7054,133404468
7054,133404469
7054,133404484
7054,133404487
7054,133404490
7054,133404493
7054,133404494
7054,133404495
7054,133404497
7054,133404544
7054,133404598
7054,133404599
7054,133404600
7054,133404601
7054,133404602
7054,133404604
7054,133404605
7054,133404613
7054,133404628
7054,133404629
7054,133404630
7054,133404631
7054,133404632
7054,133404634
7054,133404636
7054,133404638
7054,133404639
7054,133404673
7054,133404674
7054,133404678
7054,133404679
7054,133404680
7055,133394965
7055,133394966
7055,133394967
7055,133394968
7055,133395423
7055,133396468
7055,133396470
7055,133396707
7055,133396710
7055,133397345
7055,133397346
7055,133397347
7055,133399264
7055,133399266
7055,133400097
7055,133400098
7055,133400116
7055,133400118
7055,133400119
7055,133400283
7055,133401057
7055,133401058
7055,133401227
7055,133401295
7055,133401296
7055,133401299
7055,133401300
7055,133402298
7055,133402299
7055,133402300
7055,133402749
7055,133402763
7055,133403601
7055,133403602
7055,133403646
7055,133404063
7055,133404160
7055,133404163
7055,133404677
7055,133404783
7055,133404784
7055,133404785
7055,133404786
7055,133404787
7055,133405303
7055,133405304
7055,133405305
7055,133405306
7055,133405307
7056,133389245
7056,133389247
7056,133389251
7056,133389478
7056,133389479
7056,133389480
7056,133389484
7056,133389486
7056,133389487
7056,133389812
7056,133390085
7056,133390086
7056,133391464
7056,133391465
7056,133392221
7056,133392223
7056,133392224
7056,133392225
7056,133392226
7056,133392921
7056,133393255
7056,133393256
7056,133393257
7056,133393989
7056,133394363
7056,133394401
7056,133394402
7056,133394404
7056,133395157
7056,133395435
7056,133398665
7056,133398666
7056,133398667
7056,133399631
7056,133399734
7056,133399735
7056,133401429
7056,133401431
7056,133401432
7056,133401434
7056,133401715
7056,133402450
7056,133402451
7056,133404025
7056,133404050
7056,133404052
7056,133404053
7056,133404054
7056,133405513
7057,133399546
7057,133400312
7057,133400313
7057,133400314
7057,133400315
7057,133400890
7057,133400891
7057,133405391
7057,133405392
7057,133405393
7057,133405394
7057,133405395
7057,133405396
7058,133393449
7058,133393450
7058,133393744
7058,133393745
7058,133393746
7058,133395184
7058,133396319
7058,133396322
7058,133396323
7058,133399689
7058,133399690
7058,133399692
7058,133399693
7058,133399694
7058,133399701
7058,133399702
7058,133399710
7058,133399713
7058,133399715
7058,133400149
7058,133401542
7058,133402537
7058,133402539
7058,133402541
7058,133402542
7058,133402543
7058,133403292
7058,133403293
7058,133403294
7058,133403613
7058,133403614
7058,133403617
7058,133403618
7058,133403619
7058,133403621
7058,133403622
7058,133403623
7058,133403624
7058,133403625
7058,133403875
7058,133403876
7058,133403877
7058,133403879
7058,133403880
7058,133405631
7058,133405632
7058,133405635
7058,133405636
7058,133405637
7058,133405639
7059,133405335
7059,133405338
7059,133405339
7059,133405341
7059,133405441
7059,133405442
7059,133405443
7059,133405445
7060,133405683
7060,133405684
7060,133405685
7060,133405686
7060,133405687
7061,133399734
7061,133399735
7061,133401429
7061,133401431
7061,133401432
7061,133401434
7061,133401715
7061,133402450
7061,133402451
7061,133404025
7061,133404050
7061,133404052
7061,133404053
7061,133404054
7061,133405513
7061,133405514
7061,133405515
7061,133405516
7061,133405517
7061,133405518
7061,133405519
7061,133405663
7061,133405664
7061,133405665
7061,133405666
7061,133405667
7061,133405668
7061,133405782
7062,133394932
7062,133394933
7062,133394934
7062,133394935
7062,133394936
7062,133397883
7062,133397885
7062,133399331
7062,133399332
7062,133399333
7062,133399334
7062,133399335
7062,133400272
7062,133400273
7062,133400274
7062,133400275
7062,133400276
7062,133400277
7062,133400278
7062,133400279
7062,133400280
7062,133405587
7062,133406302
7062,133406303
7062,133406304
7062,133406305
7063,133406443
7063,133406513
7063,133406514
7063,133406515
7063,133406516
7063,133406518
7063,133406550
7063,133406551
7063,133406552
7063,133406553
7063,133406554
7063,133406556
7063,133406557
7063,133406558
7063,133406559
7063,133406560
7063,133406561
7063,133406562
7063,133406563
7063,133406564
7064,133406893
7064,133406894
7064,133406895
7064,133406896
7064,133406933
7064,133406934
7064,133406935
7064,133406936
7064,133406937
7065,133405909
7065,133406526
7065,133406527
7065,133406529
7065,133406535
7065,133406673
7065,133407080
7065,133407081
7065,133407082
7065,133407083
7065,133407084
7065,133407085
7065,133407086
7065,133407087
7065,133407088
7065,133407089
7065,133407090
7066,133398670
7066,133399449
7066,133399452
7066,133399454
7066,133399456
7066,133399457
7066,133399458
7066,133399606
7066,133400151
7066,133400152
7066,133404485
7066,133404486
7066,133404488
7066,133406538
7066,133406539
7066,133406540
7066,133406542
7066,133406543
7066,133407036
7066,133407037
7067,133404518
7067,133404519
7067,133404520
7067,133404521
7067,133404522
7067,133404687
7067,133404688
7067,133404907
7067,133404909
7067,133404912
7067,133404913
7067,133404914
7067,133405025
7067,133405026
7067,133405027
7067,133405028
7067,133405029
7067,133405100
7067,133405101
7067,133405102
7067,133405103
7067,133405104
7067,133405175
7067,133405176
7067,133405181
7067,133405182
7067,133405184
7067,133405186
7067,133405620
7067,133405621
7067,133405622
7067,133405623
7067,133405624
7067,133407534
7068,133395090
7068,133395091
7068,133399448
7068,133399893
7068,133400707
7068,133400708
7068,133400709
7068,133403303
7068,133403852
7068,133403853
7068,133404372
7068,133404373
7068,133404374
7068,133404973
7068,133404977
7068,133404978
7068,133404985
7068,133406248
7068,133406249
7068,133406250
7068,133406256
7068,133407573
7068,133407695
7068,133407696
7068,133407851
7068,133407854
7069,133397703
7069,133398007
7069,133398012
7069,133398182
7069,133398183
7069,133398184
7069,133398185
7069,133398186
7069,133398187
7069,133398188
7069,133398189
7069,133398190
7069,133398191
7069,133398192
7069,133398193
7069,133398194
7069,133398195
7069,133398209
7069,133398210
7069,133398434
7069,133398908
7069,133398909
7069,133398910
7069,133398911
7069,133398912
7069,133402172
7069,133402176
7069,133402178
7069,133402182
7069,133402715
7069,133402821
7069,133402822
7069,133402823
7069,133403063
7069,133403064
7069,133403065
7069,133404501
7069,133406145
7069,133406147
7069,133406148
7069,133406151
7069,133406153
7069,133407636
7069,133407637
7069,133407638
7069,133407639
7069,133407640
7069,133407641
7070,133388735
7070,133389719
7070,133389720
7070,133389721
7070,133389722
7070,133398233
7070,133398234
7070,133398235
7070,133401437
7070,133407874
7071,133405729
7071,133405730
7071,133405731
7071,133407257
7071,133408167
7071,133408168
7071,133408169
7071,133408170
7071,133408171
7071,133408172
7071,133408173
7071,133408174
7072,133388923
7072,133391417
7072,133391418
7072,133391419
7072,133391420
7072,133391421
7072,133391423
7072,133401009
7072,133403348
7072,133403355
7072,133408175
7072,133408176
7073,133390081
7073,133390082
7073,133390083
7073,133390084
7073,133390643
7073,133390646
7073,133390647
7073,133390861
7073,133390862
7073,133391822
7073,133391823
7073,133391824
7073,133391825
7073,133391826
7073,133391827
7073,133391828
7073,133391829
7073,133391830
7073,133391831
7073,133393454
7073,133395634
7073,133395635
7073,133397374
7073,133397375
7073,133397376
7073,133397378
7073,133400159
7073,133400160
7073,133400580
7073,133400581
7073,133402295
7073,133402296
7073,133404131
7073,133404873
7073,133404874
7073,133404875
7073,133404876
7073,133404877
7073,133404878
7073,133404879
7073,133404880
7073,133404882
7073,133405264
7073,133408030
7073,133408031
7073,133408032
7073,133408033
7073,133408999
7074,133401397
7074,133401398
7074,133401697
7074,133401698
7074,133401701
7074,133401702
7074,133401735
7074,133401736
7074,133401739
7074,133401742
7074,133402277
7074,133402765
7074,133402766
7074,133402931
7074,133402933
7074,133402940
7074,133403823
7074,133407091
7074,133407093
7074,133408803
7074,133408838
7074,133408839
7074,133408841
7074,133408842
7075,133392412
7075,133392414
7075,133392418
7075,133393799
7075,133393800
7075,133394311
7075,133394312
7075,133394313
7075,133394314
7075,133394315
7075,133394316
7075,133394317
7075,133394318
7075,133395732
7075,133395733
7075,133404840
7075,133404841
7075,133408748
7076,133408887
7076,133408888
7076,133408890
7076,133408891
7076,133408892
7076,133408922
7076,133408923
7076,133408924
7076,133408925
7076,133408929
7077,133406775
7077,133406776
7077,133406777
7077,133406828
7077,133406832
7077,133406834
7077,133406851
7077,133407662
7077,133407663
7077,133408973
7077,133408974
7077,133408975
7077,133408976
7077,133408977
7078,133397843
7078,133397844
7078,133397845
7078,133397846
7078,133397850
7078,133397851
7078,133397852
7078,133397853
7078,133397854
7078,133398945
7078,133402235
7078,133402237
7078,133402238
7078,133404743
7078,133404932
7078,133404933
7078,133405158
7078,133405159
7078,133405160
7078,133407448
7078,133407449
7078,133408981
7078,133408982
7078,133408983
7078,133408984
7078,133408985
7079,133407222
7079,133407241
7079,133407242
7079,133407660
7079,133407661
7079,133408269
7079,133408270
7079,133408814
7079,133408815
7079,133409058
7079,133409059
7079,133409243
7079,133409244
7080,133395443
7080,133395444
7080,133395445
7080,133395446
7080,133395447
7080,133395448
7080,133396050
7080,133396051
7080,133399493
7080,133399494
7080,133399495
7080,133399496
7080,133399497
7080,133399498
7080,133399499
7080,133399500
7080,133400710
7080,133401834
7080,133401835
7080,133402100
7080,133402101
7080,133402545
7080,133402546
7080,133402547
7080,133402548
7080,133402549
7080,133402550
7080,133402551
7080,133402552
7080,133406958
7080,133406959
7080,133406960
7080,133407755
7080,133407756
7080,133407757
7080,133407758
7080,133407759
7080,133407760
7080,133407761
7080,133408423
7080,133408424
7080,133408425
7080,133408426
7080,133408427
7080,133408565
7080,133408566
7080,133409368
7080,133409369
7081,133397949
7081,133397952
7081,133397953
7081,133397955
7081,133397958
7081,133397959
7081,133397962
7081,133397963
7081,133398358
7081,133398827
7081,133398828
7081,133398829
7081,133398830
7081,133398831
7081,133398832
7081,133398839
7081,133398840
7081,133399038
7081,133399040
7081,133399041
7081,133399043
7081,133399044
7081,133399046
7081,133399047
7081,133399050
7081,133399051
7081,133399776
7081,133399777
7081,133399778
7081,133400433
7081,133400665
7081,133400666
7081,133400667
7081,133400668
7081,133400671
7081,133400678
7081,133400679
7081,133400681
7081,133401732
7081,133401733
7081,133401932
7081,133401933
7081,133401968
7081,133403945
7081,133403956
7081,133403957
7081,133404508
7081,133404512
7081,133404513
7081,133407624
7081,133407625
7081,133408150
7081,133408151
7081,133408949
7081,133409504
7081,133409506
7081,133409569
7082,133405429
7082,133407373
7082,133407374
7082,133407375
7082,133409536
7082,133409537
7082,133409538
7082,133409539
7082,133409540
7082,133409541
7083,133401530
7083,133401531
7083,133401532
7083,133401534
7083,133401536
7083,133401836
7083,133401837
7083,133401838
7083,133405839
7083,133405841
7083,133409228
7083,133409229
7083,133409348
7083,133409349
7083,133409350
7084,133409490
7084,133409492
7084,133409493
7084,133409494
7084,133409495
7084,133409496
7084,133409497
7084,133409498
7084,133409499
7084,133409509
7084,133409510
7084,133409511
7084,133409512
7084,133409513
7084,133409514
7085,133388838
7085,133388839
7085,133388840
7085,133393313
7085,133393314
7085,133393315
7085,133394427
7085,133394428
7085,133396116
7085,133396117
7085,133396118
7085,133396119
7085,133396387
7085,133396388
7085,133396389
7085,133397618
7085,133397620
7085,133409589
7085,133409590
7086,133396817
7086,133396818
7086,133396819
7086,133400305
7086,133405736
7086,133405789
7086,133405794
7086,133405795
7086,133405796
7086,133405797
7086,133405798
7086,133406709
7086,133407291
7086,133407294
7086,133408437
7086,133408438
7086,133408439
7086,133408440
7086,133408442
7086,133408443
7086,133408444
7086,133408445
7086,133408448
7086,133409884
7086,133409887
7087,133395483
7087,133400977
7087,133400978
7087,133400979
7087,133400980
7087,133403414
7087,133405868
7087,133405869
7087,133405870
7087,133405871
7087,133409867
7087,133409868
7087,133409869
7088,133395296
7088,133395297
7088,133395298
7088,133395574
7088,133396196
7088,133396197
7088,133396817
7088,133396818
7088,133396819
7088,133400305
7088,133405736
7088,133405789
7088,133405794
7088,133405795
7088,133405796
7088,133405797
7088,133405798
7088,133406709
7088,133407291
7088,133407294
7088,133408437
7088,133408438
7088,133408439
7088,133408440
7088,133408442
7088,133408443
7088,133408444
7088,133408445
7088,133408448
7088,133409884
7088,133409887
7088,133409891
7089,133395259
7089,133397875
7089,133397877
7089,133397879
7089,133397880
7089,133397881
7089,133398497
7089,133398498
7089,133398499
7089,133398501
7089,133398502
7089,133398503
7089,133398505
7089,133398509
7089,133398512
7089,133399853
7089,133399855
7089,133404218
7089,133408619
7089,133408620
7089,133408621
7089,133408622
7089,133408623
7089,133408624
7089,133409810
7089,133409811
7090,133389748
7090,133389749
7090,133392573
7090,133395934
7090,133396173
7090,133396174
7090,133396182
7090,133396183
7090,133396184
7090,133396186
7090,133396187
7090,133397069
7090,133397070
7090,133397072
7090,133397075
7090,133397077
7090,133400552
7090,133400553
7090,133408635
7090,133408636
7090,133408637
7090,133408638
7090,133410132
7090,133410133
7090,133410136
7090,133410138
7091,133409954
7091,133409959
7091,133410077
7091,133410078
7091,133410222
7092,133399546
7092,133400312
7092,133400313
7092,133400314
7092,133400315
7092,133400890
7092,133400891
7092,133405391
7092,133405392
7092,133405393
7092,133405394
7092,133405395
7092,133405396
7092,133405397
7092,133405398
7092,133405399
7092,133405400
7092,133405401
7092,133405402
7092,133406499
7092,133406500
7092,133406501
7092,133406502
7092,133406504
7092,133406505
7092,133406506
7092,133406507
7092,133406508
7092,133406509
7092,133408236
7092,133408237
7092,133408602
7092,133410330
7093,133388184
7093,133388185
7093,133390114
7093,133390115
7093,133390116
7093,133390120
7093,133390121
7093,133390122
7093,133391142
7093,133393044
7093,133393938
7093,133393939
7093,133393941
7093,133394773
7093,133394774
7093,133394775
7093,133394776
7093,133395739
7093,133395740
7093,133395741
7093,133395742
7093,133395743
7093,133395744
7093,133395745
7093,133395746
7093,133395747
7093,133395769
7093,133395770
7093,133397555
7093,133397586
7093,133397587
7093,133397588
7093,133401184
7093,133401185
7093,133402777
7093,133402778
7093,133402779
7093,133402780
7093,133402782
7093,133402783
7093,133402784
7093,133402786
7093,133402792
7093,133405547
7093,133405548
7093,133410316
7093,133410317
7093,133410318
7093,133410319
7093,133410320
7093,133410321
7094,133394959
7094,133397191
7094,133397192
7094,133397193
7094,133397194
7094,133397195
7094,133397196
7094,133397197
7094,133397198
7094,133397199
7094,133397200
7094,133405218
7094,133405219
7094,133408751
7094,133408752
7094,133408753
7094,133408754
7094,133408755
7094,133408756
7094,133410603
7095,133403899
7095,133403900
7095,133403901
7095,133403902
7095,133407186
7095,133409816
7095,133409819
7095,133409820
7095,133409821
7095,133410371
7096,133398602
7096,133409871
7096,133410804
7096,133410805
7096,133410806
7096,133410807
7097,133397523
7097,133398027
7097,133398560
7097,133401332
7097,133402200
7097,133402202
7097,133402204
7097,133402206
7097,133402207
7097,133402208
7097,133402209
7097,133402210
7097,133402211
7097,133402793
7097,133402797
7097,133402926
7097,133402935
7097,133404532
7097,133404533
7097,133404534
7097,133404535
7097,133404536
7097,133404537
7097,133405044
7097,133405045
7097,133405046
7097,133405047
7097,133405048
7097,133405658
7097,133405659
7097,133405661
7097,133405662
7097,133405680
7097,133405681
7097,133405682
7097,133406359
7097,133406360
7097,133406361
7097,133406362
7097,133406363
7097,133407541
7097,133407542
7097,133407543
7097,133407544
7097,133407545
7097,133407546
7097,133407547
7097,133408824
7097,133410204
7097,133410453
7098,133409431
7098,133409432
7098,133409433
7098,133410359
7098,133410360
7098,133410472
7098,133410473
7098,133410706
7099,133399702
7099,133399710
7099,133399713
7099,133399715
7099,133400149
7099,133401542
7099,133402537
7099,133402539
7099,133402541
7099,133402542
7099,133402543
7099,133403292
7099,133403293
7099,133403294
7099,133403613
7099,133403614
7099,133403617
7099,133403618
7099,133403619
7099,133403621
7099,133403622
7099,133403623
7099,133403624
7099,133403625
7099,133403875
7099,133403876
7099,133403877
7099,133403879
7099,133403880
7099,133405631
7099,133405632
7099,133405635
7099,133405636
7099,133405637
7099,133405639
7099,133407561
7099,133408679
7099,133408864
7099,133408865
7099,133409952
7099,133410017
7099,133410018
7099,133410019
7099,133410553
7099,133410554
7099,133410555
7099,133410556
7099,133410557
7099,133410982
7099,133410983
7099,133410984
7100,133410533
7100,133410534
7100,133410535
7100,133410536
7100,133410537
7100,133410559
7100,133410560
7100,133410561
7100,133410571
7100,133410572
7100,133410574
7100,133410615
7101,133402417
7101,133402418
7101,133408615
7101,133408618
7101,133409851
7101,133409852
7101,133409853
7101,133409854
7101,133409855
7101,133409856
7101,133409860
7101,133410326
7101,133410327
7101,133410328
7101,133410329
7101,133410608
7101,133410642
7101,133410643
7101,133410644
7101,133410646
7101,133410647
7102,133399506
7102,133399507
7102,133400489
7102,133400490
7102,133400491
7102,133402342
7102,133402343
7102,133402344
7102,133403077
7102,133403078
7102,133403079
7102,133403716
7102,133403717
7102,133403718
7102,133404416
7102,133404417
7102,133404418
7102,133404419
7102,133405187
7102,133405188
7102,133405348
7102,133405349
7102,133405350
7102,133405351
7102,133405352
7102,133405821
7102,133405822
7102,133405823
7102,133406037
7102,133406039
7102,133406040
7102,133406042
7102,133406044
7102,133406045
7102,133406047
7102,133406049
7102,133406050
7102,133406051
7102,133406052
7102,133409580
7102,133411024
7102,133411025
7102,133411026
7102,133411027
7103,133393255
7103,133393256
7103,133393257
7103,133393989
7103,133394363
7103,133394401
7103,133394402
7103,133394404
7103,133395157
7103,133395435
7103,133398665
7103,133398666
7103,133398667
7103,133399631
7103,133399734
7103,133399735
7103,133401429
7103,133401431
7103,133401432
7103,133401434
7103,133401715
7103,133402450
7103,133402451
7103,133404025
7103,133404050
7103,133404052
7103,133404053
7103,133404054
7103,133405513
7103,133405514
7103,133405515
7103,133405516
7103,133405517
7103,133405518
7103,133405519
7103,133405663
7103,133405664
7103,133405665
7103,133405666
7103,133405667
7103,133405668
7103,133405782
7103,133405783
7103,133405784
7103,133405785
7103,133406445
7103,133406446
7103,133407572
7103,133408901
7103,133408902
7103,133409979
7103,133411157
7103,133411158
7103,133411159
7103,133411160
7103,133411161
7104,133403662
7104,133403663
7104,133403664
7104,133404184
7104,133404548
7104,133404736
7104,133405161
7104,133405162
7104,133405163
7104,133405669
7104,133405670
7104,133405671
7104,133405672
7104,133406620
7104,133406621
7104,133407875
7104,133407876
7104,133407877
7104,133408563
7104,133408564
7104,133409319
7104,133409320
7104,133409321
7104,133409322
7104,133409323
7104,133409324
7104,133409326
7104,133409327
7104,133411451
7104,133411452
7104,133411453
7104,133411454
7104,133411455
7104,133411456
7104,133411457
7104,133411458
7104,133411459
7105,133403642
7105,133404744
7105,133404745
7105,133408805
7105,133409731
7105,133409732
7105,133409733
7105,133409734
7105,133409736
7105,133409737
7105,133409740
7105,133411066
7105,133411067
7105,133411068
7105,133411069
7105,133411709
7106,133407992
7106,133407993
7106,133407994
7106,133409585
7106,133409586
7106,133409587
7106,133409588
7106,133409862
7106,133411496
7107,133406569
7107,133406570
7107,133406571
7107,133406740
7107,133406741
7107,133406742
7107,133406743
7107,133407936
7107,133409090
7107,133409091
7107,133409092
7107,133409093
7107,133409094
7107,133409095
7107,133411971
7107,133411972
7108,133408418
7108,133408419
7108,133412073
7108,133412074
7108,133412075
7109,133394050
7109,133394051
7109,133394052
7109,133396075
7109,133396076
7109,133396077
7109,133397712
7109,133397713
7109,133399214
7109,133399218
7109,133399219
7109,133399220
7109,133399221
7109,133399222
7109,133400101
7109,133400662
7109,133406421
7109,133406424
7109,133406425
7109,133406427
7109,133407255
7109,133407256
7109,133407259
7109,133407260
7109,133408609
7109,133408610
7109,133408611
7109,133408612
7109,133408613
7109,133408616
7109,133408617
7109,133411009
7109,133411010
7109,133411012
7109,133411013
7109,133411014
7109,133411015
7109,133411181
7109,133411182
7109,133411184
7109,133411185
7109,133411886
7109,133411887
7109,133411888
7110,133402060
7110,133405633
7110,133405634
7110,133405638
7110,133405640
7110,133408807
7110,133408808
7110,133408809
7110,133408810
7110,133411702
7110,133411703
7110,133411704
7110,133411705
7110,133411706
7110,133411836
7110,133411837
7110,133411838
7110,133412135
7111,133411249
7111,133411582
7111,133411583
7111,133412241
7111,133412242
7111,133412243
7112,133405883
7112,133405884
7112,133405907
7112,133408249
7112,133408250
7112,133408251
7112,133408252
7112,133408253
7112,133409271
7112,133409272
7112,133409273
7112,133409274
7112,133409275
7112,133409276
7112,133409386
7112,133409387
7112,133410072
7112,133410075
7112,133410840
7112,133410841
7112,133411818
7112,133411819
7112,133411820
7112,133411821
7112,133411822
7112,133412221
7113,133412005
7113,133412039
7113,133412040
7113,133412094
7113,133412095
7113,133412096
7113,133412097
7113,133412098
7113,133412099
7113,133412100
7113,133412101
7113,133412102
7113,133412103
7113,133412104
7113,133412105
7113,133412106
7113,133412107
7113,133412108
7113,133412109
7113,133412112
7113,133412128
7113,133412129
7113,133412147
7113,133412149
7113,133412155
7113,133412156
7113,133412158
7113,133412160
7113,133412162
7113,133412163
7113,133412164
7113,133412165
7114,133408089
7114,133408090
7114,133411179
7114,133411180
7114,133412191
7114,133412192
7115,133404931
7115,133405627
7115,133405629
7115,133405630
7115,133407777
7115,133407778
7115,133409971
7115,133410280
7115,133410282
7115,133410395
7115,133410396
7115,133410505
7115,133412054
7115,133412055
7115,133412056
7115,133412545
7115,133412546
7116,133412752
7116,133412753
7116,133412754
7116,133412755
7116,133412756
7116,133412757
7116,133412758
7116,133412760
7116,133412761
7116,133412763
7116,133412769
7117,133412339
7117,133412432
7117,133412436
7117,133412439
7117,133412440
7117,133412442
7117,133412444
7117,133412450
7117,133412451
7117,133412452
7117,133412453
7117,133412454
7117,133412455
7117,133412456
7117,133412457
7117,133412458
7117,133412459
7117,133412460
7117,133412461
7117,133412462
7117,133412463
7117,133412472
7117,133412473
7117,133412474
7117,133412475
7117,133412492
7117,133412505
7117,133412506
7117,133412511
7117,133412611
7118,133396012
7118,133396013
7118,133396014
7118,133396016
7118,133396019
7118,133396022
7118,133400253
7118,133400254
7118,133400255
7118,133400256
7118,133400257
7118,133400258
7118,133400259
7118,133405549
7118,133405550
7118,133412580
7118,133412581
7118,133412583
7118,133412584
7118,133412585
7118,133412586
7118,133412587
7118,133412588
7118,133412589
7119,133388882
7119,133393216
7119,133393217
7119,133398127
7119,133398128
7119,133398324
7119,133400389
7119,133400390
7119,133400391
7119,133405082
7119,133408271
7119,133408273
7119,133412841
7119,133412843
7119,133412844
7119,133412845
7119,133412846
7120,133407334
7120,133407335
7120,133408046
7120,133408047
7120,133408048
7120,133408049
7120,133408050
7120,133408051
7120,133408052
7120,133408053
7120,133408054
7120,133408055
7120,133408056
7120,133408057
7120,133408058
7120,133408059
7120,133408481
7120,133408482
7120,133410717
7120,133410718
7120,133410719
7120,133411017
7120,133411018
7120,133411019
7120,133411020
7120,133411021
7120,133412476
7120,133412477
7120,133412478
7120,133412479
7120,133412480
7120,133412481
7120,133412482
7120,133412483
7120,133412484
7120,133412485
7120,133412486
7120,133412487
7120,133412488
7120,133412762
7120,133412906
7120,133412907
7120,133412908
7121,133403670
7121,133403671
7121,133411789
7121,133411790
7121,133411791
7121,133412879
7121,133412880
7121,133412881
7121,133412883
7122,133408746
7122,133409210
7122,133409987
7122,133411162
7122,133411163
7122,133411164
7122,133411617
7122,133411933
7122,133411934
7122,133411937
7122,133411940
7122,133411942
7122,133412197
7122,133412198
7122,133412199
7122,133412200
7122,133412201
7122,133412202
7122,133412203
7122,133412271
7122,133412277
7122,133412323
7122,133412325
7122,133412326
7122,133412327
7122,133412690
7122,133412691
7122,133412912
7122,133412913
7122,133412914
7122,133412915
7122,133413029
7122,133413030
7122,133413033
7122,133413035
7122,133413036
7122,133413039
7122,133413090
7123,133395398
7123,133395399
7123,133395400
7123,133395402
7123,133399964
7123,133402437
7123,133402438
7123,133402439
7123,133402440
7123,133402442
7123,133402443
7123,133404385
7123,133404388
7123,133404389
7123,133404390
7123,133413061
7124,133391633
7124,133395398
7124,133395399
7124,133395400
7124,133395402
7124,133399964
7124,133402437
7124,133402438
7124,133402439
7124,133402440
7124,133402442
7124,133402443
7124,133404385
7124,133404388
7124,133404389
7124,133404390
7124,133413061
7124,133413064
7124,133413065
7124,133413067
7125,133388882
7125,133393216
7125,133393217
7125,133398127
7125,133398128
7125,133398324
7125,133400389
7125,133400390
7125,133400391
7125,133405082
7125,133408271
7125,133408273
7125,133412841
7125,133412843
7125,133412844
7125,133412845
7125,133412846
7126,133393220
7126,133396400
7126,133398282
7126,133398287
7126,133398495
7126,133398496
7126,133401047
7126,133401048
7126,133401956
7126,133402686
7126,133407514
7126,133407515
7126,133407516
7126,133407517
7126,133407518
7126,133408970
7126,133411297
7126,133411298
7126,133411299
7126,133411300
7126,133411301
7126,133411302
7126,133411303
7126,133411304
7126,133411305
7126,133411306
7126,133411307
7126,133413123
7126,133413124
7126,133413126
7126,133413131
7126,133413135
7127,133397988
7127,133397989
7127,133397990
7127,133397991
7127,133397992
7127,133398226
7127,133398231
7127,133401707
7127,133401708
7127,133401709
7127,133401712
7127,133401713
7127,133401714
7127,133401717
7127,133401718
7127,133401719
7127,133401720
7127,133403140
7127,133403141
7127,133403142
7127,133405936
7127,133405938
7127,133406668
7127,133407074
7127,133407075
7127,133407252
7127,133407284
7127,133407285
7127,133407506
7127,133407509
7127,133409881
7127,133409882
7127,133409883
7127,133412130
7127,133412871
7127,133412872
7127,133412873
7127,133412874
7127,133412875
7127,133413790
7127,133413838
7127,133413839
7128,133410553
7128,133410554
7128,133410555
7128,133410556
7128,133410557
7128,133410982
7128,133410983
7128,133410984
7128,133410985
7128,133410988
7128,133410990
7128,133411011
7128,133411016
7128,133412736
7128,133413443
7128,133413445
7128,133413594
7128,133414131
7129,133403550
7129,133404558
7129,133404959
7129,133404960
7129,133405601
7129,133405602
7129,133405603
7129,133405604
7129,133407620
7129,133407733
7129,133407736
7129,133407739
7129,133407740
7129,133407744
7129,133407745
7129,133407747
7129,133407748
7129,133409700
7129,133409701
7129,133409702
7129,133409703
7129,133410296
7129,133411151
7129,133411907
7129,133411908
7129,133411909
7129,133411978
7129,133412600
7129,133412601
7129,133412602
7129,133412603
7129,133412604
7129,133412605
7129,133412606
7129,133413851
7129,133414239
7129,133414337
7129,133414338
7129,133414339
7129,133414340
7130,133398008
7130,133398223
7130,133398224
7130,133398225
7130,133398227
7130,133398228
7130,133398229
7130,133398230
7130,133398232
7130,133398353
7130,133398354
7130,133398355
7130,133398356
7130,133399240
7130,133399241
7130,133399242
7130,133399243
7130,133399244
7130,133399246
7130,133399248
7130,133399249
7130,133399250
7130,133399635
7130,133399636
7130,133399637
7130,133400129
7130,133401386
7130,133401388
7130,133402392
7130,133402393
7130,133402394
7130,133403986
7130,133403987
7130,133403988
7130,133405763
7130,133407055
7130,133407056
7130,133407057
7130,133407058
7130,133407059
7130,133407060
7130,133407061
7130,133408040
7130,133410552
7130,133411780
7130,133411781
7130,133411850
7130,133412681
7130,133413404
7130,133413405
7130,133413850
7130,133414304
7130,133414305
7131,133394180
7131,133394181
7131,133394182
7131,133394183
7131,133394184
7131,133394185
7131,133398264
7131,133398265
7131,133398266
7131,133398267
7131,133398268
7131,133398269
7131,133399805
7131,133399806
7131,133406061
7131,133406283
7131,133406284
7131,133406285
7131,133406286
7131,133406287
7131,133407823
7131,133408458
7131,133408459
7131,133408460
7131,133408461
7131,133411508
7131,133411509
7131,133411510
7131,133411511
7131,133414585
7131,133414586
7132,133409303
7132,133409306
7132,133413832
7132,133413833
7132,133414606
7132,133414607
7132,133414608
7132,133414609
7132,133414610
7132,133414611
7132,133414612
7132,133414613
7133,133391349
7133,133391350
7133,133391351
7133,133391352
7133,133391353
7133,133394360
7133,133394361
7133,133394362
7133,133395087
7133,133395088
7133,133395090
7133,133395091
7133,133399448
7133,133399893
7133,133400707
7133,133400708
7133,133400709
7133,133403303
7133,133403852
7133,133403853
7133,133404372
7133,133404373
7133,133404374
7133,133404973
7133,133404977
7133,133404978
7133,133404985
7133,133406248
7133,133406249
7133,133406250
7133,133406256
7133,133407573
7133,133407695
7133,133407696
7133,133407851
7133,133407854
7133,133407855
7133,133407856
7133,133407857
7133,133408863
7133,133409743
7133,133410958
7133,133410959
7133,133410960
7133,133414686
7133,133414687
7133,133414688
7133,133414691
7134,133396115
7134,133399060
7134,133399062
7134,133399063
7134,133401900
7134,133401901
7134,133401902
7134,133401903
7134,133401906
7134,133401908
7134,133401909
7134,133401910
7134,133401911
7134,133403440
7134,133403441
7134,133403442
7134,133403443
7134,133403445
7134,133403803
7134,133403806
7134,133404799
7134,133404800
7134,133404801
7134,133404802
7134,133404803
7134,133404804
7134,133404805
7134,133404806
7134,133408373
7134,133410205
7134,133410209
7134,133410210
7134,133410886
7134,133410887
7134,133410888
7134,133410889
7134,133410890
7134,133411288
7134,133414501
7134,133414502
7134,133415026
7134,133415027
7134,133415028
7134,133415029
7134,133415030
7134,133415031
7134,133415032
7135,133402588
7135,133402589
7135,133402590
7135,133402591
7135,133402592
7135,133402593
7135,133402594
7135,133402595
7135,133402596
7135,133402597
7135,133406772
7135,133406774
7135,133407499
7135,133407500
7135,133407504
7135,133407505
7135,133411239
7135,133411240
7135,133411525
7135,133413508
7135,133414788
7135,133415324
7135,133415325
7136,133414981
7136,133414982
7136,133414984
7136,133414986
7136,133414988
7136,133414994
7136,133414995
7136,133414998
7136,133415004
7136,133415015
7136,133415034
7136,133415074
7136,133415075
7136,133415077
7136,133415079
7136,133415123
7136,133415146
7136,133415147
7136,133415148
7136,133415149
7136,133415150
7136,133415151
7136,133415152
7136,133415153
7136,133415189
7136,133415190
7136,133415198
7136,133415199
7136,133415200
7136,133415201
7136,133415203
7136,133415204
7136,133415245
7136,133415247
7136,133415248
7136,133415249
7137,133404801
7137,133404802
7137,133404803
7137,133404804
7137,133404805
7137,133404806
7137,133408373
7137,133410205
7137,133410209
7137,133410210
7137,133410886
7137,133410887
7137,133410888
7137,133410889
7137,133410890
7137,133411288
7137,133414501
7137,133414502
7137,133415026
7137,133415027
7137,133415028
7137,133415029
7137,133415030
7137,133415031
7137,133415032
7137,133415033
7137,133415255
7137,133415256
7138,133412031
7138,133412032
7138,133414571
7138,133414572
7138,133414573
7138,133414574
7138,133414717
7138,133414881
7138,133414882
7138,133414883
7138,133414884
7138,133414885
7138,133414886
7138,133414887
7138,133415317
7138,133415487
7138,133415488
7139,133410154
7139,133410155
7139,133410156
7139,133410158
7139,133415492
7140,133412486
7140,133412487
7140,133412488
7140,133412762
7140,133412906
7140,133412907
7140,133412908
7140,133412909
7140,133412910
7140,133413253
7140,133413254
7140,133413255
7140,133413256
7140,133413257
7140,133413258
7140,133413825
7140,133413826
7140,133413923
7140,133413924
7140,133413925
7140,133414206
7140,133414898
7140,133415391
7140,133415407
7141,133390827
7141,133395783
7141,133399299
7141,133399300
7141,133399301
7141,133399302
7141,133401557
7141,133401558
7141,133403031
7141,133403888
7141,133404428
7141,133404429
7141,133404430
7141,133404431
7141,133404432
7141,133404986
7141,133405510
7141,133405511
7141,133405512
7141,133405531
7141,133405532
7141,133405533
7141,133405534
7141,133407394
7141,133407395
7141,133407396
7141,133409785
7141,133409786
7141,133409787
7141,133409788
7141,133409789
7141,133409790
7141,133409791
7141,133409792
7141,133409793
7141,133409794
7141,133412031
7141,133412032
7141,133414571
7141,133414572
7141,133414573
7141,133414574
7141,133414717
7141,133414881
7141,133414882
7141,133414883
7141,133414884
7141,133414885
7141,133414886
7141,133414887
7141,133415317
7141,133415487
7142,133399342
7142,133406025
7142,133406710
7142,133406711
7142,133406712
7142,133406713
7142,133406714
7142,133406790
7142,133409388
7142,133409389
7142,133410154
7142,133410155
7142,133410156
7142,133410158
7142,133415492
7142,133415493
7142,133415494
7143,133399056
7143,133399058
7143,133399059
7143,133399061
7143,133402535
7143,133402536
7143,133402538
7143,133402540
7143,133404282
7143,133404283
7143,133404420
7143,133404421
7143,133407179
7143,133407180
7143,133407181
7143,133407182
7143,133407183
7143,133407184
7143,133407185
7143,133407371
7143,133407372
7143,133408180
7143,133408181
7143,133408182
7143,133408183
7143,133408184
7143,133408185
7143,133408186
7143,133408187
7143,133408188
7143,133408189
7143,133408190
7143,133408191
7143,133408192
7143,133408193
7143,133408194
7143,133408195
7143,133408410
7143,133408411
7143,133408412
7143,133408413
7143,133408414
7143,133408586
7143,133410425
7143,133411022
7143,133411023
7143,133411189
7143,133411725
7143,133411726
7143,133411727
7143,133412561
7143,133412562
7143,133412563
7143,133412564
7143,133415306
7143,133415309
7143,133415312
7143,133415837
7144,133403413
7144,133403747
7144,133403748
7144,133403751
7144,133403753
7144,133403755
7144,133404637
7144,133404716
7144,133404717
7144,133404718
7144,133406152
7144,133406154
7144,133409012
7144,133409013
7144,133409014
7144,133409994
7144,133409995
7144,133410038
7144,133410039
7144,133410040
7144,133410042
7144,133410986
7144,133410987
7144,133410989
7144,133410991
7144,133410992
7144,133410993
7144,133410994
7144,133410995
7144,133410996
7144,133410997
7144,133410998
7144,133410999
7144,133411605
7144,133411609
7144,133414104
7144,133414105
7144,133414106
7144,133414108
7144,133414109
7144,133414110
7144,133414112
7144,133415548
7144,133415549
7144,133415554
7144,133415933
7144,133415934
7144,133415937
7144,133415939
7144,133415940
7144,133415941
7145,133406822
7145,133406823
7145,133407041
7145,133407042
7145,133407043
7145,133407044
7145,133408740
7145,133408741
7145,133411165
7145,133411169
7145,133411170
7145,133412354
7145,133412355
7145,133412356
7145,133413150
7145,133413152
7145,133413153
7145,133413154
7145,133414419
7145,133414420
7145,133415823
7145,133415824
7145,133415825
7145,133415826
7145,133415830
7145,133415831
7146,133403366
7146,133403367
7146,133408208
7146,133408209
7146,133408210
7146,133408211
7146,133408212
7146,133408213
7146,133408214
7146,133408215
7146,133408216
7146,133408217
7146,133408218
7146,133408219
7146,133408220
7146,133408221
7146,133408222
7146,133408223
7146,133415622
7147,133404744
7147,133404745
7147,133408805
7147,133409731
7147,133409732
7147,133409733
7147,133409734
7147,133409736
7147,133409737
7147,133409740
7147,133411066
7147,133411067
7147,133411068
7147,133411069
7147,133411709
7147,133411710
7147,133411711
7147,133411712
7147,133411713
7147,133412836
7147,133413365
7147,133413366
7147,133413367
7147,133413368
7147,133415059
7147,133415750
7148,133402772
7148,133402882
7148,133403413
7148,133403747
7148,133403748
7148,133403751
7148,133403753
7148,133403755
7148,133404637
7148,133404716
7148,133404717
7148,133404718
7148,133406152
7148,133406154
7148,133409012
7148,133409013
7148,133409014
7148,133409994
7148,133409995
7148,133410038
7148,133410039
7148,133410040
7148,133410042
7148,133410986
7148,133410987
7148,133410989
7148,133410991
7148,133410992
7148,133410993
7148,133410994
7148,133410995
7148,133410996
7148,133410997
7148,133410998
7148,133410999
7148,133411605
7148,133411609
7148,133414104
7148,133414105
7148,133414106
7148,133414108
7148,133414109
7148,133414110
7148,133414112
7148,133415548
7148,133415549
7148,133415554
7148,133415933
7148,133415934
7148,133415937
7149,133400268
7149,133403478
7149,133403479
7149,133403480
7149,133403481
7149,133403482
7149,133403483
7149,133404593
7149,133406072
7149,133406073
7149,133406074
7149,133406075
7149,133406076
7149,133406078
7149,133407209
7149,133407210
7149,133407211
7149,133407212
7149,133407213
7149,133407214
7149,133407215
7149,133407217
7149,133407764
7149,133407765
7149,133407766
7149,133407767
7149,133407768
7149,133407769
7149,133409574
7149,133409575
7149,133409576
7149,133410120
7149,133410121
7149,133411226
7149,133412266
7149,133413242
7149,133413724
7149,133414155
7149,133415873
7149,133415874
7149,133416165
7150,133400240
7150,133400241
7150,133400242
7150,133400243
7150,133407565
7150,133409713
7150,133409714
7150,133409715
7150,133409716
7150,133409717
7150,133409718
7150,133409719
7150,133409720
7150,133409721
7150,133409723
7150,133409726
7150,133409727
7150,133412468
7150,133414550
7150,133414552
7150,133415240
7150,133415241
7150,133415242
7150,133415243
7150,133415244
7150,133415677
7150,133415679
7150,133415681
7150,133415684
7150,133415806
7150,133416300
7150,133416301
7151,133410547
7151,133410548
7151,133410549
7151,133410550
7151,133410551
7151,133410884
7151,133410885
7151,133411080
7151,133411340
7151,133411535
7151,133411536
7151,133411537
7151,133411585
7151,133411586
7151,133411590
7151,133411592
7151,133412066
7151,133412067
7151,133413203
7151,133413646
7151,133413647
7151,133413648
7151,133413649
7151,133413740
7151,133413741
7151,133414520
7151,133414522
7151,133414523
7151,133414578
7151,133414764
7151,133414768
7151,133415713
7151,133416477
7151,133416478
7151,133416479
7151,133416480
7151,133416481
7151,133416482
7151,133416483
7152,133415836
7152,133415847
7152,133415974
7152,133415976
7152,133416048
7152,133416049
7152,133416054
7152,133416055
7152,133416060
7152,133416061
7152,133416062
7152,133416164
7152,133416333
7152,133416334
7152,133416335
7152,133416336
7152,133416337
7152,133416338
7152,133416339
7152,133416340
7152,133416341
7152,133416463
7152,133416464
7152,133416465
7152,133416466
7152,133416467
7153,133393742
7153,133399345
7153,133399346
7153,133399347
7153,133399348
7153,133399579
7153,133400223
7153,133400226
7153,133400227
7153,133400228
7153,133400229
7153,133400230
7153,133400232
7153,133400233
7153,133400655
7153,133400656
7153,133403424
7153,133403426
7153,133403427
7153,133403429
7153,133403432
7153,133404350
7153,133404351
7153,133404352
7153,133404353
7153,133404354
7153,133404355
7153,133404356
7153,133404357
7153,133404358
7153,133404359
7153,133404360
7153,133406643
7153,133406645
7153,133406647
7153,133406659
7153,133406664
7153,133409159
7153,133409160
7153,133410877
7153,133410878
7153,133410879
7153,133411680
7153,133411681
7153,133411682
7153,133411683
7153,133411684
7153,133411685
7153,133411686
7153,133412598
7153,133416562
7153,133416563
7154,133388342
7154,133388348
7154,133388952
7154,133388960
7154,133388962
7154,133388964
7154,133388965
7154,133392556
7154,133392557
7154,133392558
7154,133392559
7154,133392560
7154,133392561
7154,133394294
7154,133394295
7154,133394297
7154,133395822
7154,133395823
7154,133395824
7154,133399281
7154,133399282
7154,133399283
7154,133400005
7154,133403500
7154,133403501
7154,133404827
7154,133406865
7154,133409591
7154,133409593
7154,133409596
7154,133411153
7154,133411154
7154,133416814
7154,133416816
7154,133416817
7155,133391972
7155,133391973
7155,133393348
7155,133393351
7155,133393376
7155,133393384
7155,133393385
7155,133393395
7155,133393397
7155,133395032
7155,133396967
7155,133396981
7155,133396982
7155,133396983
7155,133398550
7155,133400421
7155,133400423
7155,133400424
7155,133400426
7155,133400427
7155,133400428
7155,133402279
7155,133402280
7155,133402281
7155,133402282
7155,133402283
7155,133402284
7155,133402285
7155,133402286
7155,133402287
7155,133402288
7155,133402289
7155,133402290
7155,133406943
7155,133406944
7155,133406945
7155,133407205
7155,133407206
7155,133407207
7155,133410709
7155,133410710
7155,133415905
7155,133415906
7155,133415908
7155,133416517
7155,133417030
7155,133417031
7155,133417032
7155,133417035
7155,133417036
7156,133411753
7156,133411754
7156,133412049
7156,133412050
7156,133412051
7156,133412226
7156,133412227
7156,133412228
7156,133412229
7156,133412230
7156,133415086
7156,133415087
7156,133415088
7156,133415089
7156,133415090
7156,133415091
7156,133415504
7156,133415505
7156,133415506
7156,133415507
7156,133415508
7156,133415509
7156,133415510
7156,133415511
7156,133416063
7156,133416891
7156,133416892
7157,133408491
7157,133408492
7157,133408493
7157,133417686
7157,133417687
7157,133417688
7158,133392737
7158,133392738
7158,133395945
7158,133395949
7158,133400130
7158,133403579
7158,133403580
7158,133403584
7158,133403587
7158,133403591
7158,133403593
7158,133403595
7158,133403598
7158,133403599
7158,133416129
7158,133416615
7158,133416616
7158,133416617
7158,133417809
7158,133417810
7158,133417811
7158,133417813
7159,133417796
7159,133417797
7159,133417845
7159,133417846
7159,133417932
7159,133417933
7159,133417934
7159,133417935
7159,133417936
7159,133417937
7159,133417980
7159,133417981
7159,133417982
7159,133417984
7159,133417998
7159,133418015
7159,133418017
7159,133418018
7159,133418019
7159,133418023
7159,133418030
7159,133418031
7159,133418032
7159,133418045
7159,133418049
7159,133418054
7159,133418055
7159,133418057
7159,133418058
7159,133418059
7159,133418060
7159,133418061
7159,133418065
7159,133418066
7159,133418067
7159,133418068
7159,133418069
7159,133418070
7159,133418071
7159,133418072
7159,133418073
7159,133418074
7159,133418075
7159,133418076
7159,133418077
7159,133418078
7159,133418079
7159,133418086
7159,133418087
7159,133418088
7159,133418089
7159,133418090
7159,133418091
7160,133395480
7160,133395481
7160,133395482
7160,133395483
7160,133400977
7160,133400978
7160,133400979
7160,133400980
7160,133403414
7160,133405868
7160,133405869
7160,133405870
7160,133405871
7160,133409867
7160,133409868
7160,133409869
7160,133409870
7160,133417977
7160,133417978
7160,133417979
7161,133407991
7161,133407992
7161,133407993
7161,133407994
7161,133409585
7161,133409586
7161,133409587
7161,133409588
7161,133409862
7161,133411496
7161,133411500
7161,133417079
7161,133418454
7161,133418455
7161,133418456
7162,133410565
7162,133410566
7162,133410567
7162,133413410
7162,133413411
7162,133413413
7162,133413414
7162,133416660
7162,133416663
7162,133416665
7162,133417479
7162,133417486
7162,133417487
7162,133418777
7162,133418778
7163,133401313
7163,133403361
7163,133403362
7163,133404448
7163,133404449
7163,133407623
7163,133417675
7163,133417678
7163,133417679
7163,133417684
7163,133417685
7163,133418820
7163,133418821
7164,133418924
7164,133418925
7164,133418926
7164,133418927
7164,133418929
7164,133418933
7164,133418936
7164,133418937
7164,133418939
7164,133418978
7164,133419002
7164,133419003
7164,133419004
7164,133419005
7164,133419006
7164,133419007
7164,133419008
7164,133419023
7164,133419033
7164,133419034
7164,133419036
7164,133419038
7164,133419039
7164,133419042
7164,133419043
7164,133419044
7164,133419047
7164,133419048
7164,133419050
7164,133419052
7164,133419053
7164,133419054
7164,133419055
7164,133419056
7164,133419057
7164,133419073
7164,133419088
7164,133419090
7164,133419117
7164,133419118
7164,133419119
7164,133419120
7164,133419121
7165,133411069
7165,133411709
7165,133411710
7165,133411711
7165,133411712
7165,133411713
7165,133412836
7165,133413365
7165,133413366
7165,133413367
7165,133413368
7165,133415059
7165,133415750
7165,133415751
7165,133416396
7165,133416398
7165,133416399
7165,133416400
7165,133418362
7165,133418364
7165,133418365
7165,133419380
7165,133419381
7165,133419382
7166,133391197
7166,133391199
7166,133391201
7166,133391205
7166,133391645
7166,133391646
7166,133396993
7166,133396998
7166,133398631
7166,133398632
7166,133398636
7166,133398639
7166,133405625
7166,133409479
7166,133409491
7166,133416365
7166,133416366
7166,133417398
7166,133417399
7166,133417400
7166,133417401
7166,133418103
7166,133418104
7166,133418105
7166,133418106
7166,133418107
7166,133419304
7166,133419305
7166,133419306
7167,133391197
7167,133391199
7167,133391201
7167,133391205
7167,133391645
7167,133391646
7167,133396993
7167,133396998
7167,133398631
7167,133398632
7167,133398636
7167,133398639
7167,133405625
7167,133409479
7167,133409491
7167,133416365
7167,133416366
7167,133417398
7167,133417399
7167,133417400
7167,133417401
7167,133418103
7167,133418104
7167,133418105
7167,133418106
7167,133418107
7167,133419304
7167,133419305
7167,133419306
7168,133419524
7168,133419525
7168,133419526
7168,133419527
7168,133419528
7168,133419709
7168,133419710
7168,133419714
7168,133419716
7168,133419717
7168,133419719
7168,133419720
7169,133406360
7169,133406361
7169,133406362
7169,133406363
7169,133407541
7169,133407542
7169,133407543
7169,133407544
7169,133407545
7169,133407546
7169,133407547
7169,133408824
7169,133410204
7169,133410453
7169,133412068
7169,133412072
7169,133412698
7169,133412705
7169,133413277
7169,133413579
7169,133413580
7169,133413581
7169,133413582
7169,133414174
7169,133415513
7169,133415514
7169,133418046
7169,133418047
7169,133418048
7169,133419103
7169,133419752
7169,133419753
7169,133419754
7169,133419755
7170,133407342
7170,133407343
7170,133407344
7170,133407346
7170,133419699
7170,133419701
7171,133413868
7171,133414362
7171,133415460
7171,133415461
7171,133416017
7171,133416019
7171,133416020
7171,133416189
7171,133416190
7171,133416191
7171,133416192
7171,133416196
7171,133416197
7171,133416198
7171,133416199
7171,133416200
7171,133416202
7171,133416938
7171,133416939
7171,133417308
7171,133417309
7171,133417311
7171,133418040
7171,133418041
7171,133418043
7171,133418311
7171,133418312
7171,133418626
7171,133418627
7171,133418628
7171,133419730
7172,133406983
7172,133406984
7172,133406985
7172,133406986
7172,133407397
7172,133407398
7172,133407399
7172,133407400
7172,133407762
7172,133407763
7172,133408398
7172,133408399
7172,133408400
7172,133409565
7172,133409566
7172,133409755
7172,133411036
7172,133411037
7172,133411038
7172,133411132
7172,133411133
7172,133411877
7172,133411878
7172,133413903
7172,133413904
7172,133413905
7172,133414718
7172,133414719
7172,133415299
7172,133415300
7172,133415301
7172,133415302
7172,133415303
7172,133415323
7172,133415844
7172,133415845
7172,133415846
7172,133416574
7172,133416821
7172,133416822
7172,133416823
7172,133416824
7172,133416825
7172,133416826
7172,133416827
7172,133416829
7172,133417066
7172,133417756
7172,133417757
7172,133418189
7172,133418979
7172,133418980
7172,133418981
7172,133419059
7172,133419573
7172,133419574
7172,133419590
7172,133419591
7173,133408838
7173,133408839
7173,133408841
7173,133408842
7173,133408844
7173,133408847
7173,133408849
7173,133409009
7173,133409477
7173,133409478
7173,133409481
7173,133409483
7173,133409489
7173,133409624
7173,133409626
7173,133409890
7173,133409894
7173,133409895
7173,133410862
7173,133410863
7173,133412408
7173,133412410
7173,133413148
7173,133415386
7173,133415388
7173,133415389
7173,133415390
7173,133416908
7173,133416910
7173,133416911
7173,133416921
7173,133418549
7173,133419268
7173,133419269
7173,133419270
7173,133419271
7173,133419272
7173,133419273
7173,133419274
7173,133419275
7173,133419276
7173,133419277
7173,133419916
7173,133419917
7174,133388866
7174,133388867
7174,133388868
7174,133388871
7174,133388874
7174,133393480
7174,133407315
7174,133407316
7174,133408695
7174,133410347
7174,133410349
7174,133410376
7174,133410377
7174,133410379
7174,133410382
7174,133410383
7174,133411108
7174,133411111
7174,133412737
7174,133412738
7174,133412739
7174,133412862
7174,133412863
7174,133412866
7174,133412867
7174,133412868
7174,133419935
7175,133398140
7175,133398143
7175,133405363
7175,133405364
7175,133405365
7175,133405366
7175,133405367
7175,133406473
7175,133406474
7175,133407150
7175,133407151
7175,133407152
7175,133407153
7175,133407154
7175,133407158
7175,133407159
7175,133410792
7175,133410793
7175,133411031
7175,133411032
7175,133411721
7175,133411722
7175,133411723
7175,133412037
7175,133413239
7175,133413240
7175,133413241
7175,133414408
7175,133420366
7175,133420389
7175,133420390
7176,133411032
7176,133411721
7176,133411722
7176,133411723
7176,133412037
7176,133413239
7176,133413240
7176,133413241
7176,133414408
7176,133420366
7177,133392180
7177,133392181
7177,133395529
7177,133395530
7177,133396806
7177,133405226
7177,133405227
7177,133405228
7177,133405229
7177,133405230
7177,133411538
7177,133411539
7177,133412851
7177,133412852
7177,133412854
7177,133412857
7177,133420467
7177,133420469
7178,133412546
7178,133412547
7178,133412548
7178,133413769
7178,133413770
7178,133413771
7178,133414195
7178,133414199
7178,133414200
7178,133416008
7178,133416009
7178,133416010
7178,133416012
7178,133416013
7178,133416014
7178,133416016
7178,133418776
7178,133419110
7178,133419111
7178,133419114
7178,133419115
7178,133419651
7178,133419652
7178,133419653
7178,133419654
7178,133419655
7178,133419656
7178,133420460
7178,133420461
7178,133420462
7179,133391810
7179,133394954
7179,133395717
7179,133395718
7179,133395719
7179,133395724
7179,133398706
7179,133400386
7179,133400387
7179,133400388
7179,133400942
7179,133400944
7179,133400945
7179,133400946
7179,133400948
7179,133400949
7179,133400950
7179,133401079
7179,133401080
7179,133401081
7179,133401083
7179,133401266
7179,133401268
7179,133401952
7179,133401953
7179,133404041
7179,133404042
7179,133405189
7179,133405190
7179,133412363
7179,133412367
7179,133412427
7179,133412428
7179,133412437
7179,133413461
7179,133415418
7179,133415420
7179,133418629
7179,133418630
7179,133418631
7179,133419821
7179,133419822
7179,133420130
7179,133420131
7179,133420726
7179,133420729
7180,133412851
7180,133412852
7180,133412854
7180,133412857
7180,133420467
7180,133420469
7181,133413195
7181,133413196
7181,133413198
7181,133413200
7181,133413340
7181,133413341
7181,133413342
7181,133413343
7181,133413344
7181,133413345
7181,133413346
7181,133413347
7181,133413797
7181,133413798
7181,133413801
7181,133413804
7181,133417624
7181,133417626
7181,133419191
7181,133421080
7182,133420119
7182,133420120
7182,133420121
7182,133420455
7182,133420458
7183,133403067
7183,133403068
7183,133403727
7183,133403728
7183,133403729
7183,133403730
7183,133403731
7183,133403732
7183,133404336
7183,133404341
7183,133404342
7183,133404345
7183,133405224
7183,133407169
7183,133407170
7183,133407171
7183,133407172
7183,133407176
7183,133407774
7183,133407775
7183,133407776
7183,133412654
7183,133416873
7183,133416874
7183,133416884
7183,133417972
7183,133418009
7183,133418548
7183,133418551
7183,133418552
7183,133418553
7183,133418554
7183,133418555
7183,133420508
7184,133402795
7184,133402799
7184,133403582
7184,133410562
7184,133410563
7184,133412969
7184,133412970
7184,133412971
7184,133412972
7184,133412973
7184,133412974
7184,133421051
7184,133421052
7185,133405422
7185,133405423
7185,133405424
7185,133405425
7185,133405426
7185,133406793
7185,133408639
7185,133409553
7185,133411524
7185,133411527
7185,133411528
7185,133417489
7185,133417492
7185,133417496
7185,133417497
7185,133417498
7185,133421055
7185,133421056
7186,133407510
7186,133407511
7186,133407512
7186,133407513
7186,133407626
7186,133407627
7186,133407628
7186,133407629
7186,133407656
7186,133407657
7186,133407658
7186,133407865
7186,133408434
7186,133408435
7186,133409000
7186,133410046
7186,133410047
7186,133410048
7186,133410049
7186,133410050
7186,133410052
7186,133411047
7186,133411048
7186,133411049
7186,133413041
7186,133413042
7186,133413043
7186,133413044
7186,133413045
7186,133413046
7186,133413705
7186,133413706
7186,133413708
7186,133413709
7186,133415364
7186,133415365
7186,133415515
7186,133415517
7186,133416724
7186,133417604
7186,133417605
7186,133417606
7186,133417607
7186,133421353
7186,133421361
7187,133395765
7187,133395766
7187,133397184
7187,133397185
7187,133397186
7187,133397447
7187,133397448
7187,133397449
7187,133397450
7187,133397451
7187,133397452
7187,133399072
7187,133399073
7187,133399074
7187,133401171
7187,133401511
7187,133401512
7187,133401513
7187,133401514
7187,133401515
7187,133401516
7187,133401518
7187,133401519
7187,133401521
7187,133403009
7187,133403010
7187,133403011
7187,133405360
7187,133406475
7187,133406476
7187,133407406
7187,133413946
7187,133413947
7187,133415076
7187,133415078
7187,133415080
7187,133415081
7187,133415082
7187,133415083
7187,133415084
7187,133415085
7187,133420365
7187,133421814
7187,133421815
7187,133421816
7187,133421817
7188,133401634
7188,133403221
7188,133403226
7188,133404197
7188,133405030
7188,133405031
7188,133405034
7188,133411308
7188,133411310
7188,133411312
7188,133411314
7188,133411315
7188,133411316
7188,133411317
7188,133411318
7188,133411320
7188,133411323
7188,133411327
7188,133411328
7188,133411332
7188,133411334
7188,133411336
7188,133411962
7188,133411964
7188,133411965
7188,133411966
7188,133411968
7188,133411969
7188,133412423
7188,133412425
7188,133412426
7188,133412728
7188,133412729
7188,133412730
7188,133415372
7188,133415374
7188,133416488
7188,133416491
7188,133418894
7188,133418895
7188,133419670
7188,133420806
7188,133420878
7188,133420946
7188,133420948
7188,133420949
7188,133420950
7188,133421748
7189,133414307
7189,133414308
7189,133415012
7189,133415013
7189,133415979
7189,133416510
7189,133416511
7189,133416761
7189,133416763
7189,133416765
7189,133416766
7189,133419016
7189,133421744
7189,133421946
7189,133421947
7190,133408017
7190,133408020
7190,133408022
7190,133408023
7190,133408027
7190,133408029
7190,133410104
7190,133414307
7190,133414308
7190,133415012
7190,133415013
7190,133415979
7190,133416510
7190,133416511
7190,133416761
7190,133416763
7190,133416765
7190,133416766
7190,133419016
7190,133421744
7190,133421946
7190,133421947
7191,133411137
7191,133411138
7191,133411139
7191,133411140
7191,133411141
7191,133411142
7191,133413726
7191,133413727
7191,133413728
7191,133413729
7191,133413730
7191,133414622
7191,133414623
7191,133414624
7191,133414849
7191,133414851
7191,133414854
7191,133414855
7191,133414856
7191,133414857
7191,133414858
7191,133414859
7191,133414860
7191,133414901
7191,133418703
7191,133418704
7191,133418705
7191,133418706
7191,133418707
7191,133419443
7191,133419447
7191,133419449
7191,133419734
7191,133420877
7191,133421933
7191,133422219
7191,133422221
7191,133422222
7192,133397601
7192,133397602
7192,133397700
7192,133401639
7192,133405220
7192,133407596
7192,133407597
7192,133407598
7192,133407599
7192,133407600
7192,133408783
7192,133408785
7192,133408786
7192,133408788
7192,133408794
7192,133409156
7192,133409157
7192,133409158
7192,133418201
7192,133421340
7192,133422368
7192,133422372
7192,133422374
7193,133394388
7193,133394389
7193,133395928
7193,133395931
7193,133401442
7193,133401443
7193,133401444
7193,133401445
7193,133402293
7193,133402739
7193,133406582
7193,133406583
7193,133406584
7193,133406586
7193,133406587
7193,133406588
7193,133406589
7193,133408352
7193,133408355
7193,133408926
7193,133408927
7193,133408928
7193,133418118
7193,133418122
7193,133418317
7193,133418318
7193,133418320
7193,133418322
7193,133418323
7193,133418325
7193,133419029
7193,133422480
7193,133422481
7194,133406584
7194,133406586
7194,133406587
7194,133406588
7194,133406589
7194,133408352
7194,133408355
7194,133408926
7194,133408927
7194,133408928
7194,133418118
7194,133418122
7194,133418317
7194,133418318
7194,133418320
7194,133418322
7194,133418323
7194,133418325
7194,133419029
7194,133422480
7194,133422481
7194,133422482
7195,133420363
7195,133420364
7195,133422736
7195,133422740
7195,133422741
7196,133418389
7196,133418390
7196,133418391
7196,133418392
7196,133418393
7196,133418547
7196,133418550
7196,133419267
7196,133419541
7196,133419602
7196,133419603
7196,133419690
7196,133419691
7196,133419692
7196,133419694
7196,133420033
7196,133420034
7196,133420035
7196,133420149
7196,133420624
7196,133421773
7196,133421774
7196,133421775
7196,133422052
7196,133422194
7196,133422195
7196,133422532
7196,133422533
7196,133422620
7197,133422400
7197,133422401
7197,133422402
7197,133422403
7197,133422404
7197,133422405
7197,133422406
7197,133422407
7197,133422417
7197,133422420
7197,133422421
7197,133422430
7197,133422431
7197,133422432
7197,133422433
7197,133422434
7197,133422435
7197,133422436
7197,133422437
7197,133422447
7197,133422448
7197,133422449
7197,133422459
7197,133422460
7197,133422578
7197,133422579
7197,133422592
7197,133422593
7197,133422594
7197,133422595
7197,133422596
7197,133422597
7197,133422598
7197,133422599
7198,133417350
7198,133417351
7198,133417352
7198,133417376
7198,133417377
7198,133417378
7198,133417379
7198,133417380
7198,133417381
7198,133417382
7198,133417383
7198,133417384
7198,133417385
7198,133417386
7198,133417387
7198,133417388
7198,133417389
7198,133417390
7198,133417391
7198,133417392
7198,133422553
7198,133422554
7198,133422555
7198,133422556
7198,133422557
7199,133391881
7199,133401224
7199,133401225
7199,133401226
7199,133403380
7199,133403381
7199,133403382
7199,133403385
7199,133403386
7199,133413230
7199,133413231
7199,133413232
7199,133413233
7199,133413234
7199,133413235
7199,133413236
7199,133413932
7199,133419671
7199,133419672
7199,133419673
7199,133419674
7199,133419711
7199,133419712
7199,133419715
7199,133419718
7199,133422364
7199,133422365
7199,133422366
7199,133422371
7199,133422373
7199,133422375
7199,133422377
7199,133422378
7199,133422775
7199,133422776
7199,133422777
7200,133394181
7200,133394182
7200,133394183
7200,133394184
7200,133394185
7200,133398264
7200,133398265
7200,133398266
7200,133398267
7200,133398268
7200,133398269
7200,133399805
7200,133399806
7200,133406061
7200,133406283
7200,133406284
7200,133406285
7200,133406286
7200,133406287
7200,133407823
7200,133408458
7200,133408459
7200,133408460
7200,133408461
7200,133411508
7200,133411509
7200,133411510
7200,133411511
7200,133414585
7200,133414586
7200,133414587
7200,133414588
7200,133415538
7200,133415539
7200,133415540
7200,133415541
7200,133415543
7200,133415544
7200,133415545
7200,133415546
7200,133415547
7200,133415550
7200,133415551
7200,133415552
7200,133415553
7200,133422542
7200,133422543
7200,133422544
7200,133422586
7201,133406286
7201,133406287
7201,133407823
7201,133408458
7201,133408459
7201,133408460
7201,133408461
7201,133411508
7201,133411509
7201,133411510
7201,133411511
7201,133414585
7201,133414586
7201,133414587
7201,133414588
7201,133415538
7201,133415539
7201,133415540
7201,133415541
7201,133415543
7201,133415544
7201,133415545
7201,133415546
7201,133415547
7201,133415550
7201,133415551
7201,133415552
7201,133415553
7201,133422542
7201,133422543
7201,133422544
7202,133389314
7202,133389317
7202,133389318
7202,133389322
7202,133398602
7202,133409871
7202,133410804
7202,133410805
7202,133410806
7202,133410807
7202,133410808
7202,133410809
7202,133410810
7202,133410811
7202,133410812
7202,133410813
7202,133410814
7202,133414068
7202,133414069
7202,133414070
7202,133414071
7202,133415409
7202,133415411
7202,133415412
7202,133415414
7202,133415417
7202,133415459
7202,133420363
7202,133420364
7202,133422736
7202,133422740
7202,133422741
7202,133422742
7202,133422743
7203,133394183
7203,133394184
7203,133394185
7203,133398264
7203,133398265
7203,133398266
7203,133398267
7203,133398268
7203,133398269
7203,133399805
7203,133399806
7203,133406061
7203,133406283
7203,133406284
7203,133406285
7203,133406286
7203,133406287
7203,133407823
7203,133408458
7203,133408459
7203,133408460
7203,133408461
7203,133411508
7203,133411509
7203,133411510
7203,133411511
7203,133414585
7203,133414586
7203,133414587
7203,133414588
7203,133415538
7203,133415539
7203,133415540
7203,133415541
7203,133415543
7203,133415544
7203,133415545
7203,133415546
7203,133415547
7203,133415550
7203,133415551
7203,133415552
7203,133415553
7203,133422542
7203,133422543
7203,133422544
7203,133422586
7203,133422587
7203,133422588
7204,133394059
7204,133394060
7204,133394061
7204,133394063
7204,133394064
7204,133394065
7204,133402719
7204,133402722
7204,133402723
7204,133402727
7204,133402728
7204,133402729
7204,133407339
7204,133407340
7204,133407341
7204,133413109
7204,133413110
7204,133422940
7205,133391881
7205,133401224
7205,133401225
7205,133401226
7205,133403380
7205,133403381
7205,133403382
7205,133403385
7205,133403386
7205,133413230
7205,133413231
7205,133413232
7205,133413233
7205,133413234
7205,133413235
7205,133413236
7205,133413932
7205,133419671
7205,133419672
7205,133419673
7205,133419674
7205,133419711
7205,133419712
7205,133419715
7205,133419718
7205,133422364
7205,133422365
7205,133422366
7205,133422371
7205,133422373
7205,133422375
7205,133422377
7205,133422378
7205,133422775
7205,133422776
7205,133422777
7206,133404398
7206,133406724
7206,133407330
7206,133410163
7206,133410164
7206,133410165
7206,133410166
7206,133410167
7206,133410169
7206,133410170
7206,133410172
7206,133411871
7206,133412195
7206,133412196
7206,133416102
7206,133416103
7206,133416104
7206,133418127
7206,133418128
7206,133418129
7206,133418142
7206,133418143
7206,133421916
7206,133421921
7206,133421922
7206,133422976
7206,133422977
7206,133422978
7207,133393582
7207,133394515
7207,133394516
7207,133394517
7207,133394519
7207,133394521
7207,133394523
7207,133396279
7207,133397672
7207,133397674
7207,133401497
7207,133401499
7207,133401500
7207,133402192
7207,133402193
7207,133402195
7207,133402652
7207,133402654
7207,133402655
7207,133402656
7207,133402901
7207,133402903
7207,133402904
7207,133404006
7207,133407605
7207,133407606
7207,133407609
7207,133407610
7207,133407611
7207,133407612
7207,133407687
7207,133407688
7207,133407689
7207,133407690
7207,133407691
7207,133407692
7207,133407693
7207,133407694
7207,133412134
7207,133412136
7207,133412137
7207,133412139
7207,133412140
7207,133416450
7207,133418909
7207,133418911
7207,133422426
7207,133422427
7207,133422428
7207,133422988
7208,133410312
7208,133410313
7208,133410314
7208,133410315
7208,133410580
7208,133410581
7208,133410582
7208,133410583
7208,133417893
7208,133417894
7208,133417895
7208,133417897
7208,133417899
7208,133423241
7209,133407858
7209,133407859
7209,133407860
7209,133408806
7209,133410286
7209,133410287
7209,133410288
7209,133410290
7209,133417659
7209,133417661
7209,133417662
7209,133417663
7209,133417664
7209,133417665
7209,133417666
7209,133417667
7209,133417668
7209,133417669
7209,133423160
7209,133423173
7209,133423174
7209,133423175
7210,133419383
7210,133419384
7210,133419885
7210,133419886
7210,133419887
7210,133419888
7210,133419889
7210,133423300
7210,133423301
7211,133396280
7211,133402481
7211,133402482
7211,133402483
7211,133402484
7211,133406444
7211,133407566
7211,133407568
7211,133409548
7211,133409549
7211,133409550
7211,133415693
7211,133416236
7211,133418097
7211,133423631
7212,133412299
7212,133412300
7212,133419165
7212,133419166
7212,133419167
7212,133419168
7212,133423600
7212,133423601
7212,133423602
7212,133423603
7212,133423604
7212,133423605
7212,133423606
7212,133423607
7212,133423608
7212,133423609
7212,133423610
7213,133423600
7213,133423601
7213,133423602
7213,133423603
7213,133423604
7213,133423605
7213,133423606
7213,133423607
7213,133423608
7214,133392473
7214,133392575
7214,133393773
7214,133393774
7214,133393775
7214,133393776
7214,133393777
7214,133394123
7214,133398297
7214,133399988
7214,133399989
7214,133399990
7214,133399992
7214,133400628
7214,133400635
7214,133402268
7214,133402272
7214,133402274
7214,133402276
7214,133402278
7214,133403903
7214,133403912
7214,133404287
7214,133404288
7214,133404289
7214,133404290
7214,133404291
7214,133404292
7214,133410129
7214,133411523
7214,133418589
7214,133418590
7214,133419388
7214,133419389
7214,133423783
7215,133414637
7215,133414638
7215,133414639
7215,133414640
7215,133414641
7215,133415527
7215,133415530
7215,133423532
7215,133423533
7216,133401828
7216,133401829
7216,133401830
7216,133401831
7216,133402764
7216,133403186
7216,133403568
7216,133405695
7216,133405786
7216,133406706
7216,133406707
7216,133406744
7216,133407078
7216,133408082
7216,133408083
7216,133408084
7216,133408085
7216,133408086
7216,133408087
7216,133408088
7216,133408089
7216,133408090
7216,133411179
7216,133411180
7216,133412191
7216,133412192
7216,133412193
7216,133412194
7216,133415304
7216,133415305
7216,133415410
7216,133415413
7216,133415415
7216,133415416
7216,133415986
7216,133415987
7216,133415988
7216,133417053
7216,133417054
7216,133417055
7216,133417402
7216,133417403
7216,133417404
7216,133417405
7216,133417892
7216,133418388
7216,133419503
7216,133420673
7216,133420681
7216,133420686
7216,133420688
7216,133422469
7216,133422472
7216,133423618
7216,133423620
7216,133423621
7216,133423623
7217,133402006
7217,133402741
7217,133402742
7217,133403744
7217,133403746
7217,133406631
7217,133415174
7217,133415175
7217,133415176
7217,133415962
7217,133415963
7217,133415965
7217,133415966
7217,133415967
7217,133415969
7217,133415970
7217,133416475
7217,133418369
7217,133418370
7217,133418381
7217,133418382
7217,133418384
7217,133423934
7218,133390347
7218,133390348
7218,133390349
7218,133390350
7218,133393303
7218,133394192
7218,133395268
7218,133395269
7218,133395270
7218,133395778
7218,133397656
7218,133397657
7218,133397658
7218,133397659
7218,133397660
7218,133397663
7218,133397664
7218,133397665
7218,133397667
7218,133401580
7218,133402417
7218,133402418
7218,133408615
7218,133408618
7218,133409851
7218,133409852
7218,133409853
7218,133409854
7218,133409855
7218,133409856
7218,133409860
7218,133410326
7218,133410327
7218,133410328
7218,133410329
7218,133410608
7218,133410642
7218,133410643
7218,133410644
7218,133410646
7218,133410647
7218,133410648
7218,133410649
7218,133412038
7218,133414263
7218,133414264
7218,133414265
7218,133414266
7218,133415332
7218,133416634
7218,133422346
7218,133422347
7218,133422348
7218,133422349
7218,133422350
7218,133423852
7218,133423853
7219,133418281
7219,133418282
7219,133418283
7219,133418284
7219,133419237
7219,133419238
7219,133420303
7219,133420607
7219,133421779
7219,133421781
7219,133422069
7219,133422111
7219,133422112
7219,133422495
7219,133422496
7219,133422497
7219,133422498
7219,133423220
7219,133423480
7219,133423542
7219,133423543
7219,133423547
7219,133423857
7220,133394129
7220,133394130
7220,133394131
7220,133394132
7220,133394133
7220,133394134
7220,133394135
7220,133394136
7220,133394137
7220,133394138
7220,133423923
7220,133423924
7220,133423925
7221,133420916
7221,133420917
7221,133420918
7221,133420919
7221,133420920
7221,133420921
7221,133420922
7221,133420923
7221,133420924
7221,133420926
7221,133420928
7221,133421878
7221,133423519
7221,133423525
7221,133423879
7221,133423880
7221,133423881
7221,133423882
7221,133423883
7221,133423884
7221,133423885
7221,133423886
7221,133423887
7221,133423888
7221,133423889
7221,133423890
7222,133405468
7222,133411351
7222,133411352
7222,133412607
7222,133412608
7222,133412609
7222,133412610
7222,133412612
7222,133423222
7222,133424176
7222,133424177
7223,133397458
7223,133397459
7223,133397460
7223,133397461
7223,133397525
7223,133399265
7223,133399671
7223,133401307
7223,133404811
7223,133404812
7223,133404923
7223,133404924
7223,133404925
7223,133404926
7223,133406575
7223,133406576
7223,133406579
7223,133406736
7223,133406737
7223,133406738
7223,133406739
7223,133408874
7223,133408877
7223,133410725
7223,133410727
7223,133410728
7223,133410729
7223,133410794
7223,133410795
7223,133413878
7223,133413879
7223,133413880
7223,133413881
7223,133413882
7223,133413883
7223,133416145
7223,133416146
7223,133416147
7223,133416150
7223,133417040
7223,133417041
7223,133417042
7223,133417043
7223,133418219
7223,133419820
7223,133420493
7223,133420494
7223,133422631
7223,133423573
7223,133423576
7223,133423580
7223,133423582
7223,133423583
7223,133423584
7223,133423585
7223,133423586
7223,133424334
7223,133424335
7224,133407719
7224,133407720
7224,133407721
7224,133407722
7224,133413246
7224,133424575
7224,133424576
7224,133424577
7224,133424578
7224,133424579
7224,133424580
7224,133424581
7225,133414576
7225,133414577
7225,133414720
7225,133414721
7225,133414722
7225,133414723
7225,133414724
7225,133414725
7225,133414726
7225,133414727
7225,133414728
7225,133415330
7225,133415341
7225,133418470
7225,133418471
7225,133418472
7225,133418474
7225,133420855
7225,133420856
7225,133420858
7225,133420859
7225,133420860
7225,133420861
7225,133420862
7225,133420863
7225,133420864
7225,133421894
7225,133423764
7225,133423765
7225,133423768
7225,133423769
7225,133423777
7225,133423779
7225,133423780
7225,133423782
7225,133424165
7225,133424166
7225,133424292
7226,133388958
7226,133388959
7226,133388961
7226,133388963
7226,133392269
7226,133392740
7226,133395580
7226,133395661
7226,133395662
7226,133396645
7226,133398895
7226,133398896
7226,133398897
7226,133398898
7226,133398899
7226,133398900
7226,133398901
7226,133400014
7226,133400015
7226,133400016
7226,133400018
7226,133400019
7226,133402999
7226,133403000
7226,133403001
7226,133404237
7226,133404241
7226,133410398
7226,133410399
7226,133411350
7226,133420718
7226,133420719
7226,133421604
7226,133424373
7226,133424375
7226,133424432
7226,133424433
7226,133424434
7226,133424435
7226,133424436
7226,133424440
7226,133424441
7227,133403001
7227,133404237
7227,133404241
7227,133410398
7227,133410399
7227,133411350
7227,133420718
7227,133420719
7227,133421604
7227,133424373
7227,133424375
7227,133424432
7227,133424433
7227,133424434
7227,133424435
7227,133424436
7227,133424440
7227,133424441
7227,133424443
7228,133407719
7228,133407720
7228,133407721
7228,133407722
7228,133413246
7228,133424575
7228,133424576
7228,133424577
7228,133424578
7228,133424579
7228,133424580
7228,133424581
7229,133422822
7229,133422823
7229,133422825
7229,133424669
7229,133424670
7229,133424671
7229,133424672
7229,133424673
7229,133424674
7230,133389083
7230,133390605
7230,133390606
7230,133390607
7230,133390608
7230,133392562
7230,133392563
7230,133392564
7230,133394548
7230,133394554
7230,133394560
7230,133394561
7230,133394562
7230,133394563
7230,133417285
7230,133424653
7230,133424654
7230,133424655
7230,133424658
7231,133394652
7231,133394653
7231,133397067
7231,133397068
7231,133398006
7231,133398402
7231,133398405
7231,133398407
7231,133398408
7231,133398409
7231,133398411
7231,133398412
7231,133401103
7231,133401485
7231,133401489
7231,133401491
7231,133401494
7231,133401495
7231,133402229
7231,133402696
7231,133403824
7231,133403825
7231,133403826
7231,133405657
7231,133405660
7231,133414961
7231,133414965
7231,133414966
7231,133416499
7231,133416500
7231,133416501
7231,133416502
7231,133416503
7231,133422778
7231,133422779
7231,133422780
7231,133424662
7231,133424663
7231,133424664
7231,133424665
7232,133390608
7232,133392562
7232,133392563
7232,133392564
7232,133394548
7232,133394554
7232,133394560
7232,133394561
7232,133394562
7232,133394563
7232,133417285
7232,133424653
7232,133424654
7233,133408878
7233,133408879
7233,133409817
7233,133409818
7233,133410283
7233,133410284
7233,133410285
7233,133414154
7233,133416159
7233,133416160
7233,133416524
7233,133416526
7233,133416992
7233,133416994
7233,133416995
7233,133416997
7233,133416998
7233,133417003
7233,133417004
7233,133417005
7233,133418845
7233,133418846
7233,133419280
7233,133419281
7233,133419282
7233,133420884
7233,133421374
7233,133421378
7233,133422817
7233,133422818
7233,133422903
7233,133422992
7233,133423029
7233,133423544
7233,133423545
7233,133423546
7233,133423548
7233,133423549
7233,133423550
7233,133423551
7233,133423552
7233,133424389
7233,133424678
7233,133424679
7233,133424680
7233,133424681
7233,133424682
7233,133424683
7233,133424684
7233,133424685
7233,133424686
7233,133424687
7233,133424689
7233,133424690
7233,133424691
7234,133391545
7234,133391546
7234,133391547
7234,133391548
7234,133391549
7234,133394053
7234,133394054
7234,133394055
7234,133394056
7234,133394057
7234,133394058
7234,133394062
7234,133395107
7234,133395108
7234,133395109
7234,133407095
7234,133407099
7234,133407101
7234,133407102
7234,133416050
7234,133416051
7234,133416052
7234,133416053
7234,133416277
7234,133416278
7234,133416279
7234,133416280
7234,133416281
7234,133424761
7234,133424762
7235,133390225
7235,133390226
7235,133391769
7235,133391770
7235,133392227
7235,133392228
7235,133392230
7235,133396848
7235,133396849
7235,133396850
7235,133396851
7235,133396852
7235,133396853
7235,133396854
7235,133396855
7235,133400306
7235,133400307
7235,133400308
7235,133400309
7235,133400310
7235,133401958
7235,133401961
7235,133404457
7235,133404459
7235,133404461
7235,133404463
7235,133404464
7235,133405460
7235,133405468
7235,133411351
7235,133411352
7235,133412607
7235,133412608
7235,133412609
7235,133412610
7235,133412612
7235,133423222
7235,133424176
7235,133424177
7235,133424723
7236,133391482
7236,133393661
7236,133393662
7236,133393857
7236,133393858
7236,133393859
7236,133393860
7236,133393861
7236,133393863
7236,133393872
7236,133396580
7236,133396581
7236,133396582
7236,133396583
7236,133396584
7236,133396585
7236,133396586
7236,133396587
7236,133396588
7236,133396589
7236,133398609
7236,133398610
7236,133398611
7236,133403569
7236,133403570
7236,133403571
7236,133403572
7236,133403573
7236,133403574
7236,133403575
7236,133403576
7236,133403577
7236,133403578
7236,133403581
7236,133403583
7236,133403585
7236,133403588
7236,133406708
7236,133406785
7236,133412599
7236,133414474
7236,133414482
7236,133424583
7236,133424736
7236,133424737
7236,133424738
7237,133392319
7237,133392320
7237,133395764
7237,133395765
7237,133395766
7237,133397184
7237,133397185
7237,133397186
7237,133397447
7237,133397448
7237,133397449
7237,133397450
7237,133397451
7237,133397452
7237,133399072
7237,133399073
7237,133399074
7237,133401171
7237,133401511
7237,133401512
7237,133401513
7237,133401514
7237,133401515
7237,133401516
7237,133401518
7237,133401519
7237,133401521
7237,133403009
7237,133403010
7237,133403011
7237,133405360
7237,133406475
7237,133406476
7237,133407406
7237,133413946
7237,133413947
7237,133415076
7237,133415078
7237,133415080
7237,133415081
7237,133415082
7237,133415083
7237,133415084
7237,133415085
7237,133420365
7237,133421814
7237,133421815
7237,133421816
7237,133421817
7237,133421818
7237,133424598
7237,133424599
7238,133389083
7238,133390605
7238,133390606
7238,133390607
7238,133390608
7238,133392562
7238,133392563
7238,133392564
7238,133394548
7238,133394554
7238,133394560
7238,133394561
7238,133394562
7238,133394563
7238,133417285
7238,133424653
7238,133424654
7238,133424655
7238,133424658
7239,133389425
7239,133391267
7239,133391268
7239,133398702
7239,133398703
7239,133398704
7239,133400930
7239,133411891
7239,133411892
7239,133411893
7239,133411894
7239,133411895
7239,133424773
7240,133388377
7240,133388379
7240,133408496
7240,133409460
7240,133410061
7240,133410062
7240,133410063
7240,133410064
7240,133410065
7240,133410066
7240,133410067
7240,133410068
7240,133410069
7240,133416123
7240,133416124
7240,133416125
7240,133416126
7240,133416127
7240,133416205
7240,133416206
7240,133416207
7240,133416208
7240,133419150
7240,133419151
7240,133424960
7240,133424961
7240,133424963
7241,133423547
7241,133423857
7241,133424204
7241,133424358
7241,133424392
7241,133424393
7241,133424869
7241,133424870
7242,133395229
7242,133395480
7242,133395481
7242,133395482
7242,133395483
7242,133400977
7242,133400978
7242,133400979
7242,133400980
7242,133403414
7242,133405868
7242,133405869
7242,133405870
7242,133405871
7242,133409867
7242,133409868
7242,133409869
7242,133409870
7242,133417977
7242,133417978
7242,133417979
7242,133422583
7242,133422584
7242,133425069
7242,133425070
7242,133425071
7243,133403845
7243,133411551
7243,133411552
7243,133411553
7243,133421794
7243,133421795
7243,133424935
7243,133424936
7244,133388807
7244,133390561
7244,133390562
7244,133390563
7244,133390564
7244,133390565
7244,133390566
7244,133390567
7244,133390806
7244,133390807
7244,133391103
7244,133391104
7244,133391105
7244,133391106
7244,133391107
7244,133393530
7244,133393531
7244,133393532
7244,133393533
7244,133393534
7244,133393535
7244,133393536
7244,133395201
7244,133395202
7244,133400754
7244,133400755
7244,133400756
7244,133400757
7244,133400758
7244,133425208
7245,133397863
7245,133397864
7245,133397865
7245,133399920
7245,133399921
7245,133399922
7245,133399933
7245,133401253
7245,133407014
7245,133408263
7245,133408264
7245,133408265
7245,133408266
7245,133408267
7245,133408268
7245,133413060
7245,133413062
7245,133413063
7245,133414615
7245,133414618
7245,133414939
7245,133414940
7245,133416215
7245,133416216
7245,133416217
7245,133420338
7245,133423154
7245,133424068
7245,133424069
7245,133424070
7245,133424071
7245,133424072
7245,133424842
7245,133424843
7245,133424844
7245,133424845
7245,133424846
7245,133424847
7245,133424850
7245,133424851
7245,133424852
7245,133424853
7245,133424855
7245,133424856
7245,133424857
7245,133425249
7245,133425250
7245,133425251
7246,133391140
7246,133398204
7246,133399927
7246,133399928
7246,133399930
7246,133399932
7246,133399934
7246,133399935
7246,133412641
7246,133412642
7246,133413974
7246,133413975
7246,133413976
7246,133413977
7246,133413978
7246,133415125
7246,133415126
7246,133415221
7246,133415222
7246,133415223
7246,133415224
7246,133415225
7246,133415235
7246,133415236
7246,133415237
7246,133415238
7246,133421133
7246,133421134
7246,133424349
7246,133424351
7246,133425224
7247,133398441
7247,133400760
7247,133400940
7247,133408596
7247,133408598
7247,133409812
7247,133409813
7247,133409814
7247,133409815
7247,133410624
7247,133410625
7247,133410626
7247,133410627
7247,133410628
7247,133410629
7247,133410632
7247,133410634
7247,133410865
7247,133411805
7247,133415851
7247,133415852
7247,133415853
7247,133415854
7247,133415855
7247,133415856
7247,133415857
7247,133415858
7247,133415859
7247,133415860
7247,133415861
7247,133415862
7247,133416377
7247,133416378
7247,133416379
7247,133416380
7247,133416381
7247,133416383
7247,133416384
7247,133420875
7247,133420876
7247,133423139
7247,133423140
7247,133423770
7247,133423773
7247,133423774
7247,133423775
7247,133425213
7248,133395060
7248,133395063
7248,133395064
7248,133397377
7248,133397888
7248,133404779
7248,133405405
7248,133405408
7248,133407991
7248,133407992
7248,133407993
7248,133407994
7248,133409585
7248,133409586
7248,133409587
7248,133409588
7248,133409862
7248,133411496
7248,133411500
7248,133417079
7248,133418454
7248,133418455
7248,133418456
7248,133420188
7248,133420189
7248,133420471
7248,133420472
7248,133420475
7248,133420476
7248,133420477
7248,133420807
7248,133422185
7248,133422186
7248,133422187
7248,133422188
7248,133422189
7248,133422190
7248,133422191
7248,133422192
7248,133422193
7248,133425091
7248,133425112
7248,133425113
7248,133425114
7248,133425115
7249,133388807
7249,133390561
7249,133390562
7249,133390563
7249,133390564
7249,133390565
7249,133390566
7249,133390567
7249,133390806
7249,133390807
7249,133391103
7249,133391104
7249,133391105
7249,133391106
7249,133391107
7249,133393530
7249,133393531
7249,133393532
7249,133393533
7249,133393534
7249,133393535
7249,133393536
7249,133395201
7249,133395202
7249,133400754
7249,133400755
7249,133400756
7249,133400757
7249,133400758
7249,133425208
7250,133388378
7250,133397018
7250,133403363
7250,133403364
7250,133403365
7250,133403366
7250,133403367
7250,133408208
7250,133408209
7250,133408210
7250,133408211
7250,133408212
7250,133408213
7250,133408214
7250,133408215
7250,133408216
7250,133408217
7250,133408218
7250,133408219
7250,133408220
7250,133408221
7250,133408222
7250,133408223
7250,133415622
7250,133425311
7250,133425315
7250,133425316
7250,133425317
7250,133425321
7250,133425322
7250,133425324
7251,133388378
7251,133397018
7251,133403363
7251,133403364
7251,133403365
7251,133403366
7251,133403367
7251,133408208
7251,133408209
7251,133408210
7251,133408211
7251,133408212
7251,133408213
7251,133408214
7251,133408215
7251,133408216
7251,133408217
7251,133408218
7251,133408219
7251,133408220
7251,133408221
7251,133408222
7251,133408223
7251,133415622
7251,133425311
7251,133425315
7251,133425316
7251,133425317
7251,133425321
7251,133425322
7251,133425324
7252,133410372
7252,133410373
7252,133414804
7252,133414807
7252,133414808
7252,133416843
7252,133416844
7252,133421864
7252,133421865
7252,133421871
7252,133421873
7252,133422022
7252,133422023
7252,133425267
7252,133425268
7252,133425269
7252,133425270
7252,133425271
7252,133425272
7253,133400687
7253,133400688
7253,133400689
7253,133400690
7253,133400691
7253,133400692
7253,133400693
7253,133400695
7253,133407554
7253,133408446
7253,133408447
7253,133408449
7253,133408451
7253,133408452
7253,133408453
7253,133416546
7253,133416547
7253,133416548
7253,133418588
7253,133425624
7253,133425628
7253,133425629
7253,133425630
7253,133425631
7254,133392427
7254,133392715
7254,133392716
7254,133392717
7254,133392739
7254,133397104
7254,133398220
7254,133398221
7254,133398668
7254,133398669
7254,133400687
7254,133400688
7254,133400689
7254,133400690
7254,133400691
7254,133400692
7254,133400693
7254,133400695
7254,133407554
7254,133408446
7254,133408447
7254,133408449
7254,133408451
7254,133408452
7254,133408453
7254,133416546
7254,133416547
7254,133416548
7254,133418588
7254,133425624
7254,133425628
7254,133425629
7254,133425630
7254,133425631
7254,133425632
7255,133393642
7255,133393645
7255,133393647
7255,133401212
7255,133401213
7255,133401214
7255,133401215
7255,133401216
7255,133406210
7255,133409804
7255,133409809
7255,133410630
7255,133410631
7255,133410633
7255,133410635
7255,133410636
7255,133410637
7255,133410638
7255,133410639
7255,133410640
7255,133410641
7255,133411593
7255,133413409
7255,133415114
7255,133415115
7255,133415116
7255,133415117
7255,133415118
7255,133415119
7255,133415120
7255,133415121
7255,133415122
7255,133415909
7255,133417161
7255,133417162
7255,133417164
7255,133417166
7255,133417168
7255,133417169
7255,133417171
7255,133417173
7255,133421131
7255,133421132
7255,133421392
7255,133421393
7255,133421394
7255,133421396
7255,133422029
7255,133422030
7255,133422032
7255,133422033
7255,133422034
7255,133425618
7256,133393794
7256,133393795
7256,133394281
7256,133394282
7256,133396330
7256,133396331
7256,133396511
7256,133396512
7256,133396514
7256,133396516
7256,133396517
7256,133396519
7256,133396521
7256,133396525
7256,133396526
7256,133398747
7256,133398748
7256,133398749
7256,133398751
7256,133398752
7256,133398755
7256,133401688
7256,133401693
7256,133405749
7256,133405750
7256,133414979
7256,133414980
7256,133414983
7256,133417324
7256,133417823
7256,133417825
7256,133417829
7256,133417831
7256,133417832
7256,133417835
7256,133420118
7256,133420119
7256,133420120
7256,133420121
7256,133420455
7256,133420458
7256,133423060
7256,133424398
7256,133424399
7256,133424400
7256,133424401
7256,133424402
7256,133426099
7256,133426100
7256,133426101
7257,133391341
7257,133391346
7257,133391347
7257,133391348
7257,133392108
7257,133392109
7257,133392110
7257,133392111
7257,133392112
7257,133392113
7257,133415025
7257,133415069
7257,133415070
7257,133415071
7257,133415072
7257,133415136
7257,133415139
7257,133415141
7257,133415142
7257,133416659
7257,133422974
7257,133425542
7257,133425543
7257,133425544
7257,133425545
7258,133391550
7258,133391891
7258,133391892
7258,133391893
7258,133391894
7258,133394025
7258,133394026
7258,133394028
7258,133394029
7258,133395664
7258,133405470
7258,133405474
7258,133405475
7258,133405476
7258,133406961
7258,133406962
7258,133407353
7258,133407354
7258,133407356
7258,133407358
7258,133407359
7258,133412684
7258,133418108
7258,133418109
7258,133418110
7258,133418111
7258,133418112
7258,133418114
7258,133418115
7258,133418116
7258,133421641
7258,133421642
7258,133421643
7258,133425572
7258,133425796
7258,133426084
7258,133426091
7259,133406210
7259,133409804
7259,133409809
7259,133410630
7259,133410631
7259,133410633
7259,133410635
7259,133410636
7259,133410637
7259,133410638
7259,133410639
7259,133410640
7259,133410641
7259,133411593
7259,133413409
7259,133415114
7259,133415115
7259,133415116
7259,133415117
7259,133415118
7259,133415119
7259,133415120
7259,133415121
7259,133415122
7259,133415909
7259,133417161
7259,133417162
7259,133417164
7259,133417166
7259,133417168
7259,133417169
7259,133417171
7259,133417173
7259,133421131
7259,133421132
7259,133421392
7259,133421393
7259,133421394
7259,133421396
7259,133422029
7259,133422030
7259,133422032
7259,133422033
7259,133422034
7259,133425618
7259,133425619
7259,133425620
7260,133390286
7260,133390287
7260,133390288
7260,133391174
7260,133391175
7260,133391176
7260,133391177
7260,133391178
7260,133391179
7260,133391550
7260,133391891
7260,133391892
7260,133391893
7260,133391894
7260,133394025
7260,133394026
7260,133394028
7260,133394029
7260,133395664
7260,133405470
7260,133405474
7260,133405475
7260,133405476
7260,133406961
7260,133406962
7260,133407353
7260,133407354
7260,133407356
7260,133407358
7260,133407359
7260,133412684
7260,133418108
7260,133418109
7260,133418110
7260,133418111
7260,133418112
7260,133418114
7260,133418115
7260,133418116
7260,133421641
7260,133421642
7260,133421643
7260,133425572
7260,133425796
7260,133426084
7260,133426091
7261,133392427
7261,133392715
7261,133392716
7261,133392717
7261,133392739
7261,133397104
7261,133398220
7261,133398221
7261,133398668
7261,133398669
7261,133400687
7261,133400688
7261,133400689
7261,133400690
7261,133400691
7261,133400692
7261,133400693
7261,133400695
7261,133407554
7261,133408446
7261,133408447
7261,133408449
7261,133408451
7261,133408452
7261,133408453
7261,133416546
7261,133416547
7261,133416548
7261,133418588
7261,133425624
7261,133425628
7261,133425629
7261,133425630
7261,133425631
7262,133417238
7262,133417239
7262,133417240
7262,133417241
7262,133417568
7262,133417569
7262,133417570
7262,133417571
7262,133417572
7262,133424116
7262,133424117
7262,133424118
7262,133424119
7262,133424120
7262,133424121
7262,133425028
7262,133425030
7262,133426421
7262,133426424
7263,133425570
7263,133425571
7263,133425573
7263,133425636
7263,133425661
7263,133425710
7263,133425720
7263,133425722
7263,133425842
7263,133426013
7263,133426014
7263,133426036
7263,133426040
7263,133426041
7263,133426043
7263,133426044
7263,133426045
7263,133426046
7263,133426047
7263,133426048
7263,133426049
7263,133426050
7263,133426051
7263,133426052
7264,133425079
7264,133425080
7264,133425084
7264,133425466
7264,133425467
7264,133425496
7264,133425497
7264,133425498
7264,133425499
7264,133425500
7265,133390958
7265,133391886
7265,133391887
7265,133391888
7265,133397358
7265,133397359
7265,133397360
7265,133397361
7265,133397362
7265,133397363
7265,133399658
7265,133402161
7265,133402162
7265,133402163
7265,133402441
7265,133408658
7265,133412058
7265,133418697
7265,133418698
7265,133420706
7265,133426282
7265,133426288
7266,133399585
7266,133399586
7266,133399587
7266,133399588
7266,133399589
7266,133399590
7266,133401475
7266,133401476
7266,133401477
7266,133401478
7266,133421201
7266,133421202
7266,133421203
7266,133421204
7266,133421205
7266,133424829
7266,133426382
7267,133391671
7267,133392646
7267,133397969
7267,133399696
7267,133399697
7267,133399698
7267,133403735
7267,133403736
7267,133403737
7267,133403738
7267,133403739
7267,133403740
7267,133406311
7267,133411258
7267,133426396
7267,133426402
7267,133426403
7267,133426404
7267,133426407
7268,133395659
7268,133395660
7268,133396175
7268,133396176
7268,133396178
7268,133396179
7268,133396180
7268,133396181
7268,133396185
7268,133396188
7268,133396189
7268,133396190
7268,133396191
7268,133397116
7268,133397120
7268,133402795
7268,133402799
7268,133403582
7268,133410562
7268,133410563
7268,133412969
7268,133412970
7268,133412971
7268,133412972
7268,133412973
7268,133412974
7268,133421051
7268,133421052
7268,133421053
7268,133421054
7268,133422445
7268,133422446
7268,133426230
7268,133426231
7269,133402693
7269,133402694
7269,133402695
7269,133403827
7269,133403828
7269,133403831
7269,133403992
7269,133407533
7269,133407539
7269,133407540
7269,133407552
7269,133407553
7269,133409085
7269,133409452
7269,133409453
7269,133409454
7269,133409455
7269,133409456
7269,133409457
7269,133409458
7269,133409459
7269,133410179
7269,133413827
7269,133413829
7269,133413831
7269,133414625
7269,133414626
7269,133414627
7269,133414628
7269,133415528
7269,133415529
7269,133415531
7269,133415532
7269,133415533
7269,133416005
7269,133416006
7269,133416749
7269,133416750
7269,133416751
7269,133416752
7269,133416753
7269,133416754
7269,133416755
7269,133416756
7269,133419212
7269,133419213
7269,133420330
7269,133423794
7269,133425750
7269,133425751
7269,133425753
7269,133425754
7269,133425755
7269,133426864
7270,133401313
7270,133403361
7270,133403362
7270,133404448
7270,133404449
7270,133407623
7270,133417675
7270,133417678
7270,133417679
7270,133417684
7270,133417685
7270,133418820
7270,133418821
7270,133418822
7270,133418823
7270,133418864
7270,133418865
7270,133426763
7270,133426766
7270,133426767
7270,133426768
7270,133426769
7270,133426774
7271,133391671
7271,133392646
7271,133397969
7271,133399696
7271,133399697
7271,133399698
7271,133403735
7271,133403736
7271,133403737
7271,133403738
7271,133403739
7271,133403740
7271,133406311
7271,133411258
7271,133426396
7271,133426402
7271,133426403
7271,133426404
7271,133426407
7272,133390380
7272,133390382
7272,133393557
7272,133398616
7272,133398621
7272,133398622
7272,133398625
7272,133398627
7272,133398628
7272,133399660
7272,133399661
7272,133403643
7272,133403644
7272,133403645
7272,133405959
7272,133405960
7272,133406770
7272,133406771
7272,133406773
7272,133407889
7272,133407890
7272,133409501
7272,133409503
7272,133409505
7272,133411429
7272,133411430
7272,133411431
7272,133411446
7272,133411447
7272,133411448
7272,133411449
7272,133411450
7272,133412723
7272,133412724
7272,133412725
7272,133412726
7272,133412727
7272,133415124
7272,133426385
7272,133426426
7272,133426427
7272,133426428
7273,133388619
7273,133388620
7273,133395187
7273,133395188
7273,133395463
7273,133399313
7273,133400638
7273,133400639
7273,133400641
7273,133405813
7273,133408694
7273,133414248
7273,133414249
7273,133414250
7273,133414255
7273,133414256
7273,133414257
7273,133414258
7273,133414261
7273,133415795
7273,133416970
7273,133416971
7273,133417006
7273,133422031
7273,133422035
7273,133422036
7273,133422037
7273,133422038
7273,133425349
7273,133426585
7273,133426586
7273,133426587
7273,133426592
7273,133426595
7273,133426596
7274,133395222
7274,133395223
7274,133395868
7274,133395869
7274,133395870
7274,133402875
7274,133402876
7274,133403095
7274,133403096
7274,133403097
7274,133405383
7274,133406994
7274,133406995
7274,133407147
7274,133407225
7274,133407226
7274,133407995
7274,133416056
7274,133416057
7274,133426035
7274,133426037
7274,133426038
7274,133426039
7275,133407773
7275,133421119
7275,133421123
7275,133421127
7275,133421129
7275,133426695
7275,133426696
7275,133426697
7275,133426698
7275,133426701
7275,133426703
7275,133426704
7276,133392394
7276,133392395
7276,133392396
7276,133392397
7276,133392398
7276,133395030
7276,133395031
7276,133403719
7276,133403720
7276,133403721
7276,133403722
7276,133403723
7276,133403724
7276,133403725
7276,133406175
7276,133406176
7276,133406177
7276,133406178
7276,133406179
7276,133406180
7276,133406181
7276,133406182
7276,133406183
7276,133406184
7276,133406185
7276,133406186
7276,133406987
7276,133407587
7276,133407588
7276,133410440
7276,133410441
7276,133410442
7276,133411879
7276,133411880
7276,133411881
7276,133411882
7276,133411883
7276,133411884
7276,133411885
7276,133417449
7276,133418851
7276,133418852
7276,133419435
7276,133419438
7276,133419442
7276,133419448
7276,133421098
7276,133421538
7276,133421539
7276,133423322
7276,133423325
7276,133423730
7276,133423731
7276,133425550
7276,133426062
7276,133426063
7276,133426067
7277,133391729
7277,133391730
7277,133391731
7277,133392455
7277,133400595
7277,133400596
7277,133400597
7277,133413631
7277,133413632
7277,133413634
7277,133413636
7277,133413639
7277,133413640
7277,133423289
7277,133423290
7277,133423291
7277,133423357
7277,133425046
7277,133425047
7277,133426576
7277,133426577
7277,133426578
7277,133426580
7278,133388092
7278,133388220
7278,133388728
7278,133388729
7278,133388730
7278,133388731
7278,133388732
7278,133388734
7278,133388735
7278,133389719
7278,133389720
7278,133389721
7278,133389722
7278,133398233
7278,133398234
7278,133398235
7278,133401437
7278,133407874
7278,133408688
7278,133408690
7278,133408691
7278,133409941
7278,133409942
7278,133409943
7278,133409944
7278,133409945
7278,133409946
7278,133409947
7278,133411613
7278,133411615
7278,133411618
7278,133411620
7278,133413731
7278,133413732
7278,133413733
7278,133415621
7278,133418287
7278,133418297
7278,133421229
7278,133421980
7278,133421981
7278,133421982
7278,133421983
7278,133421984
7278,133421985
7278,133421986
7278,133425662
7278,133427046
7279,133389461
7279,133394987
7279,133397408
7279,133397409
7279,133397410
7279,133397411
7279,133397412
7279,133397413
7279,133403319
7279,133406388
7279,133408529
7279,133411623
7279,133412523
7279,133412524
7279,133412525
7279,133412527
7279,133413361
7279,133413362
7279,133413363
7279,133413364
7279,133413660
7279,133413661
7279,133413662
7279,133413663
7279,133415996
7279,133415998
7279,133416973
7279,133416974
7279,133416975
7279,133416976
7279,133416977
7279,133416978
7279,133416979
7279,133416980
7279,133421185
7279,133424928
7279,133424929
7279,133424930
7279,133424931
7279,133424932
7279,133426648
7279,133426649
7279,133426650
7280,133414538
7280,133414679
7280,133414680
7280,133414681
7280,133414682
7280,133417154
7280,133417323
7280,133418375
7280,133418867
7280,133418868
7280,133418971
7280,133418972
7280,133418973
7280,133418974
7280,133418975
7280,133418976
7280,133420941
7280,133420947
7280,133421187
7280,133423637
7280,133423638
7280,133423639
7280,133423640
7280,133423641
7280,133423642
7280,133424154
7280,133424155
7280,133424156
7280,133424275
7280,133424276
7280,133424277
7280,133424278
7280,133424279
7280,133424280
7280,133424281
7280,133424282
7280,133424283
7280,133424284
7280,133424592
7280,133424593
7280,133424594
7280,133424924
7280,133424925
7280,133425461
7280,133426623
7280,133426624
7280,133426625
7280,133426626
7280,133426627
7280,133426628
7280,133426629
7280,133426630
7280,133426631
7280,133426971
7280,133426973
7281,133424151
7281,133424152
7281,133424153
7281,133424274
7281,133424420
7281,133424421
7281,133424422
7281,133424423
7281,133424467
7281,133424604
7281,133424605
7281,133425058
7281,133425064
7281,133425065
7281,133425173
7281,133426225
7281,133426229
7281,133426584
7281,133426588
7281,133426591
7281,133427119
7281,133427121
7282,133403387
7282,133404259
7282,133404260
7282,133404261
7282,133404262
7282,133409526
7282,133409527
7282,133409528
7282,133409530
7282,133409531
7282,133409534
7282,133409535
7282,133417819
7282,133417821
7282,133419100
7282,133419101
7282,133419102
7282,133424849
7282,133424854
7282,133427141
7282,133427142
7282,133427143
7282,133427144
7283,133426074
7283,133426076
7283,133426080
7283,133426081
7283,133426082
7283,133426083
7283,133427122
7283,133427123
7283,133427124
7284,133421239
7284,133421777
7284,133421778
7284,133421780
7284,133421782
7284,133421783
7284,133421784
7284,133421785
7284,133421786
7284,133421787
7284,133421788
7284,133421790
7284,133421791
7284,133421792
7284,133423221
7284,133423957
7284,133423958
7284,133424419
7284,133424424
7284,133425139
7284,133425140
7284,133425141
7284,133425142
7284,133425143
7284,133425189
7284,133425190
7284,133425191
7284,133425192
7284,133425193
7284,133426072
7284,133426074
7284,133426076
7284,133426080
7284,133426081
7284,133426082
7284,133426083
7284,133427122
7284,133427123
7284,133427124
7284,133427126
7284,133427188
7284,133427189
7284,133427192
7284,133427193
7284,133427194
7284,133427195
7284,133427196
7285,133418064
7285,133419347
7285,133421387
7285,133421388
7285,133421559
7285,133421560
7285,133421561
7285,133421562
7285,133426197
7285,133426199
7285,133426201
7285,133427231
7285,133427234
7286,133402029
7286,133402030
7286,133402031
7286,133402032
7286,133412047
7286,133412048
7286,133412591
7286,133413286
7286,133413287
7286,133413289
7286,133427267
7287,133400986
7287,133400990
7287,133400991
7287,133400992
7287,133400993
7287,133400994
7287,133401030
7287,133401031
7287,133401032
7287,133401033
7287,133402767
7287,133402768
7287,133405289
7287,133408883
7287,133408884
7287,133408885
7287,133409288
7287,133410825
7287,133410826
7287,133410827
7287,133410830
7287,133414616
7287,133414617
7287,133426808
7287,133426810
7287,133426811
7287,133427206
7287,133427207
7287,133427208
7287,133427209
7288,133402029
7288,133402030
7288,133402031
7288,133402032
7288,133412047
7288,133412048
7288,133412591
7288,133413286
7288,133413287
7288,133413289
7288,133427267
7289,133417508
7289,133417509
7289,133417510
7289,133417512
7289,133417513
7289,133417514
7289,133419239
7289,133425297
7289,133425299
7289,133425300
7289,133425302
7289,133425304
7289,133427175
7289,133427432
7289,133427433
7289,133427434
7289,133427435
7290,133388227
7290,133388231
7290,133394118
7290,133395554
7290,133400999
7290,133402582
7290,133402583
7290,133402584
7290,133402585
7290,133402586
7290,133402587
7290,133402588
7290,133402589
7290,133402590
7290,133402591
7290,133402592
7290,133402593
7290,133402594
7290,133402595
7290,133402596
7290,133402597
7290,133406772
7290,133406774
7290,133407499
7290,133407500
7290,133407504
7290,133407505
7290,133411239
7290,133411240
7290,133411525
7290,133413508
7290,133414788
7290,133415324
7290,133415325
7290,133415326
7290,133415606
7290,133415611
7290,133425096
7290,133427258
7290,133427259
7290,133427260
7290,133427261
7291,133423374
7291,133423395
7291,133423538
7291,133423539
7291,133423540
7291,133423594
7291,133423595
7291,133423596
7291,133423597
7291,133423598
7291,133423830
7291,133423831
7291,133423932
7291,133424858
7291,133425126
7291,133425273
7291,133425578
7291,133425581
7291,133425582
7291,133425583
7291,133425584
7291,133425782
7291,133425784
7291,133425786
7291,133426111
7291,133426436
7291,133426699
7291,133426700
7291,133426702
7291,133426705
7291,133426737
7291,133426744
7291,133426745
7291,133427349
7292,133414086
7292,133414087
7292,133414088
7292,133414090
7292,133414711
7292,133414842
7292,133414843
7292,133414844
7292,133415715
7292,133415718
7292,133415719
7292,133415721
7292,133415722
7292,133415723
7292,133415724
7292,133415726
7292,133417017
7292,133417018
7292,133417019
7292,133417021
7292,133417022
7292,133417023
7292,133417292
7292,133417295
7292,133417296
7292,133417297
7292,133417406
7292,133417993
7292,133417994
7292,133417995
7292,133418430
7292,133418891
7292,133418892
7292,133418893
7292,133419760
7292,133419835
7292,133420357
7292,133420992
7292,133420995
7292,133422523
7292,133422524
7292,133423914
7292,133423917
7292,133423918
7292,133425597
7292,133425599
7292,133425639
7292,133427199
7292,133427617
7293,133402193
7293,133402195
7293,133402652
7293,133402654
7293,133402655
7293,133402656
7293,133402901
7293,133402903
7293,133402904
7293,133404006
7293,133407605
7293,133407606
7293,133407609
7293,133407610
7293,133407611
7293,133407612
7293,133407687
7293,133407688
7293,133407689
7293,133407690
7293,133407691
7293,133407692
7293,133407693
7293,133407694
7293,133412134
7293,133412136
7293,133412137
7293,133412139
7293,133412140
7293,133416450
7293,133418909
7293,133418911
7293,133422426
7293,133422427
7293,133422428
7293,133422988
7293,133422989
7293,133423305
7293,133423969
7293,133423970
7293,133423971
7293,133423972
7293,133427806
7293,133427807
7293,133427973
7294,133397608
7294,133397609
7294,133397610
7294,133397611
7294,133400544
7294,133400545
7294,133400834
7294,133400835
7294,133414590
7294,133416210
7294,133416212
7294,133421109
7294,133421110
7294,133421111
7294,133424175
7294,133424178
7294,133424180
7294,133424959
7294,133424990
7294,133424991
7294,133424992
7294,133424993
7294,133424994
7294,133425904
7294,133427053
7294,133427054
7294,133427055
7294,133427056
7294,133427872
7294,133427875
7294,133427877
7295,133398304
7295,133398305
7295,133400000
7295,133400003
7295,133400004
7295,133405914
7295,133405915
7295,133405916
7295,133405949
7295,133405950
7295,133406139
7295,133406140
7295,133406141
7295,133406144
7295,133415752
7295,133415757
7295,133425813
7295,133427740
7296,133400372
7296,133400373
7296,133400374
7296,133400375
7296,133400376
7296,133401824
7296,133401825
7296,133402840
7296,133402841
7296,133402842
7296,133402843
7296,133402844
7296,133402845
7296,133402846
7296,133402847
7296,133404950
7296,133408204
7296,133408205
7296,133409977
7296,133409978
7296,133409980
7296,133410488
7296,133410489
7296,133410490
7296,133410491
7296,133410492
7296,133410493
7296,133410494
7296,133410495
7296,133410496
7296,133410497
7296,133410498
7296,133411542
7296,133412954
7296,133412955
7296,133414021
7296,133414022
7296,133414024
7296,133414025
7296,133414028
7296,133414029
7296,133414032
7296,133414033
7296,133414877
7296,133414878
7296,133416449
7296,133416712
7296,133421284
7296,133421671
7296,133421672
7296,133421673
7296,133421674
7296,133427468
7296,133427686
7296,133427687
7296,133427688
7296,133427689
7296,133427690
7297,133393406
7297,133393408
7297,133393410
7297,133398092
7297,133398093
7297,133405032
7297,133405035
7297,133416447
7297,133420958
7297,133420959
7297,133421936
7297,133421937
7297,133421938
7297,133424132
7297,133427984
7298,133394515
7298,133394516
7298,133394517
7298,133394519
7298,133394521
7298,133394523
7298,133396279
7298,133397672
7298,133397674
7298,133401497
7298,133401499
7298,133401500
7298,133402192
7298,133402193
7298,133402195
7298,133402652
7298,133402654
7298,133402655
7298,133402656
7298,133402901
7298,133402903
7298,133402904
7298,133404006
7298,133407605
7298,133407606
7298,133407609
7298,133407610
7298,133407611
7298,133407612
7298,133407687
7298,133407688
7298,133407689
7298,133407690
7298,133407691
7298,133407692
7298,133407693
7298,133407694
7298,133412134
7298,133412136
7298,133412137
7298,133412139
7298,133412140
7298,133416450
7298,133418909
7298,133418911
7298,133422426
7298,133422427
7298,133422428
7298,133422988
7298,133422989
7298,133423305
7298,133423969
7298,133423970
7298,133423971
7298,133423972
7298,133427806
7299,133423980
7299,133423981
7299,133425066
7299,133425067
7299,133425068
7299,133426066
7299,133426068
7299,133426069
7299,133426070
7299,133426071
7299,133426073
7299,133426075
7299,133426558
7299,133426559
7299,133427286
7299,133427287
7299,133427616
7299,133427989
7299,133427990
7300,133393406
7300,133393408
7300,133393410
7300,133398092
7300,133398093
7300,133405032
7300,133405035
7300,133416447
7300,133420958
7300,133420959
7300,133421936
7300,133421937
7300,133421938
7300,133424132
7300,133427984
7301,133390778
7301,133390780
7301,133390781
7301,133390782
7301,133393346
7301,133393849
7301,133393853
7301,133393855
7301,133393856
7301,133394388
7301,133394389
7301,133395928
7301,133395931
7301,133401442
7301,133401443
7301,133401444
7301,133401445
7301,133402293
7301,133402739
7301,133406582
7301,133406583
7301,133406584
7301,133406586
7301,133406587
7301,133406588
7301,133406589
7301,133408352
7301,133408355
7301,133408926
7301,133408927
7301,133408928
7301,133418118
7301,133418122
7301,133418317
7301,133418318
7301,133418320
7301,133418322
7301,133418323
7301,133418325
7301,133419029
7301,133422480
7301,133422481
7301,133422482
7301,133422483
7301,133422484
7301,133422485
7301,133422486
7301,133423347
7301,133423348
7301,133424677
7301,133425641
7301,133427968
7301,133427969
7301,133427970
7301,133427971
